Ticker,Total Trades,Profitable Trades,Losing Trades,Total Profit/Loss,Buy Prices,Sell Prices
20MICRONS,1,1,0,36393,30,64
21STCENMGM,3,0,3,-19921,"23, 13, 29","17, 10, 23"
360ONE,0,0,0,0,,
3IINFOLTD,3,1,2,14054,"494, 88, 38","271, 64, 80"
3MINDIA,3,2,1,52425,"4107, 3310, 11958","2984, 6813, 25945"
3PLAND,5,1,4,-13490,"14, 10, 7, 7, 7","9, 7, 15, 5, 4"
5PAISA,1,0,1,-10762,149,113
63MOONS,8,1,7,-2056,"864, 722, 273, 204, 116, 86, 80, 76","607, 540, 175, 163, 73, 68, 46, 228"
A2ZINFRA,6,1,5,22170,"12, 26, 14, 17, 6, 5","33, 21, 10, 12, 4, 4"
AAATECH,0,0,0,0,,
AAKASH,2,2,0,88400,"2, 4","5, 9"
AAREYDRUGS,0,0,0,0,,
AARON,1,1,0,51945,21,62
AARTIDRUGS,2,2,0,75519,"12, 132","27, 318"
AARTIIND,1,1,0,36749,13,30
AARTISURF,0,0,0,0,,
AARVEEDEN,1,1,0,42579,12,27
AARVI,2,1,1,32625,"34, 30","27, 69"
AAVAS,1,1,0,29731,1339,2712
ABAN,6,1,5,-9865,"869, 632, 431, 310, 254, 175","669, 490, 343, 212, 509, 112"
ABB,5,2,3,42268,"741, 582, 492, 995, 941","589, 454, 1018, 744, 1896"
ABBOTINDIA,0,0,0,0,,
ABCAPITAL,2,1,1,33293,"97, 63","78, 145"
ABFRL,2,1,1,26109,"148, 125","114, 263"
ABMINTLLTD,2,2,0,121470,"21, 18","76, 39"
ABSLAMC,0,0,0,0,,
ACC,2,1,1,20080,"1414, 1270","968, 2563"
ACCELYA,0,0,0,0,,
ACCURACY,2,1,1,19754,"8, 2","6, 4"
ACE,4,2,2,59550,"47, 12, 115, 54","35, 30, 78, 113"
ACEINTEG,2,1,1,36493,"18, 10","13, 22"
ACL,5,1,4,6522,"231, 133, 103, 53, 147","183, 266, 80, 40, 115"
ACLGATI,4,1,3,6913,"36, 120, 87, 44","27, 88, 54, 89"
ADANIENT,7,3,4,66507,"64, 31, 32, 50, 47, 42, 146","47, 22, 64, 40, 36, 91, 297"
ADANIGREEN,0,0,0,0,,
ADANIPORTS,3,1,2,18796,"144, 248, 232","114, 192, 484"
ADANIPOWER,6,1,5,-900,"53, 52, 32, 34, 31, 36","41, 39, 25, 24, 24, 85"
ADFFOODS,2,0,2,-17825,"12, 54","9, 34"
ADL,0,0,0,0,,
ADORWELD,3,1,2,13278,"131, 107, 352","89, 235, 185"
ADROITINFO,2,0,2,-16264,"40, 6","29, 5"
ADSL,3,2,1,72266,"28, 12, 17","22, 30, 37"
ADVANIHOTR,3,1,2,8608,"22, 28, 23","17, 15, 46"
ADVENZYMES,2,0,2,-14736,"262, 183","189, 142"
AEGISCHEM,2,0,2,-13109,"17, 16","13, 13"
AETHER,0,0,0,0,,
AFFLE,0,0,0,0,,
AGARIND,0,0,0,0,,
AGI,3,0,3,-27668,"40, 29, 68","29, 21, 45"
AGRITECH,2,0,2,-14503,"73, 61","56, 46"
AGROPHOS,2,1,1,16200,"17, 11","9, 24"
AGSTRA,0,0,0,0,,
AHLADA,2,0,2,-11923,"61, 56","48, 43"
AHLEAST,2,1,1,24602,"149, 67","108, 139"
AHLUCONT,0,0,0,0,,
AIAENG,1,1,0,32147,940,1974
AIRAN,0,0,0,0,,
AIROLAM,2,1,1,44171,"37, 20","30, 55"
AJANTPHARM,2,0,2,-15175,"913, 759","642, 588"
AJMERA,2,1,1,22599,"121, 224","245, 159"
AJOONI,2,1,1,26605,"2, 1","1, 3"
AKASH,1,0,1,-10444,59,36
AKG,1,1,0,84168,9,35
AKSHAR,0,0,0,0,,
AKSHARCHEM,0,0,0,0,,
AKSHOPTFBR,3,1,2,12451,"7, 28, 8","15, 22, 6"
AKZOINDIA,1,1,0,33568,902,1912
ALANKIT,4,1,3,17391,"28, 24, 15, 17","70, 14, 11, 13"
ALBERTDAVD,0,0,0,0,,
ALEMBICLTD,2,0,2,-15734,"11, 47","8, 35"
ALICON,4,2,2,53020,"60, 67, 586, 251","44, 144, 392, 556"
ALKALI,2,0,2,-15713,"60, 97","40, 76"
ALKEM,1,1,0,33498,1794,3879
ALKYLAMINE,1,0,1,-5535,3180,2518
ALLCARGO,3,2,1,58506,"13, 26, 20","29, 15, 40"
ALLSEC,5,1,4,-9808,"15, 27, 33, 277, 187","12, 21, 22, 116, 388"
ALMONDZ,3,1,2,31474,"33, 9, 11","25, 7, 28"
ALOKINDS,6,1,5,40665,"27, 21, 10, 3, 4, 3","18, 16, 7, 2, 3, 12"
ALPA,2,1,1,46616,"7, 31","20, 24"
ALPHAGEO,3,1,2,11064,"471, 485, 194","1041, 304, 125"
ALPSINDUS,5,1,4,-487,"2, 6, 3, 1, 5","1, 4, 2, 2, 4"
AMBER,1,1,0,32456,817,1734
AMBICAAGAR,1,1,0,30426,17,36
AMBIKCO,0,0,0,0,,
AMBUJACEM,1,1,0,40816,174,411
AMDIND,2,0,2,-14006,"17, 27","13, 20"
AMIORG,0,0,0,0,,
AMJLAND,2,0,2,-15777,"19, 20","15, 14"
AMRUTANJAN,1,1,0,32978,215,446
ANANDRATHI,0,0,0,0,,
ANANTRAJ,5,1,4,25493,"34, 23, 18, 16, 10","27, 17, 12, 13, 26"
ANDHRAPAP,3,1,2,37258,"182, 432, 243","473, 316, 193"
ANDHRSUGAR,2,1,1,35604,"20, 58","51, 35"
ANGELONE,0,0,0,0,,
ANIKINDS,4,2,2,99718,"26, 41, 9, 9","78, 30, 7, 24"
ANKITMETAL,3,0,3,-21049,"8, 3, 2","6, 2, 2"
ANMOL,0,0,0,0,,
ANTGRAPHIC,5,1,4,-7449,"0, 1, 1, 1, 1","0, 1, 1, 0, 1"
ANUP,1,1,0,31512,192,397
ANURAS,0,0,0,0,,
APARINDS,3,1,2,23087,"146, 118, 616","108, 259, 487"
APCL,1,1,0,40108,124,292
APCOTEXIND,2,1,1,25162,"86, 210","174, 168"
APEX,1,0,1,-9511,242,169
APLAPOLLO,1,1,0,31466,144,292
APLLTD,1,0,1,-9494,627,428
APOLLO,0,0,0,0,,
APOLLOHOSP,1,1,0,34183,1106,2348
APOLLOPIPE,0,0,0,0,,
APOLLOTYRE,3,2,1,62044,"66, 163, 108","160, 79, 232"
APOLSINHOT,0,0,0,0,,
APTECHT,3,1,2,21930,"76, 38, 137","47, 89, 103"
APTUS,0,0,0,0,,
ARCHIDPLY,1,1,0,46136,5,13
ARCHIES,4,0,4,-34035,"25, 24, 20, 13","18, 17, 13, 10"
ARENTERP,2,1,1,68123,"11, 10","9, 35"
ARIES,2,1,1,47508,"122, 90","86, 260"
ARIHANTCAP,0,0,0,0,,
ARIHANTSUP,4,0,4,-37642,"61, 40, 31, 28","35, 25, 24, 21"
ARMANFIN,2,2,0,72832,"226, 445","529, 910"
AROGRANITE,1,1,0,41707,26,54
ARROWGREEN,2,0,2,-15211,"463, 116","301, 92"
ARSHIYA,4,2,2,58114,"15, 16, 38, 32","11, 40, 27, 66"
ARTEMISMED,0,0,0,0,,
ARTNIRMAN,1,1,0,43528,20,46
ARVEE,2,1,1,88927,"30, 35","24, 139"
ARVIND,2,1,1,36001,"91, 32","63, 80"
ARVINDFASN,1,0,1,-7594,164,120
ARVSMART,1,0,1,-8568,124,90
ASAHIINDIA,3,2,1,71416,"38, 209, 177","89, 156, 383"
ASAHISONG,1,0,1,-13688,137,74
ASAL,5,1,4,42797,"75, 47, 44, 36, 21","53, 32, 33, 20, 77"
ASALCBR,0,0,0,0,,
ASHAPURMIN,2,0,2,-18821,"65, 28","50, 17"
ASHIANA,3,2,1,62310,"34, 161, 59","70, 126, 132"
ASHIMASYN,6,1,5,23409,"5, 4, 2, 17, 7, 6","3, 3, 6, 13, 6, 5"
ASHOKA,3,1,2,15490,"37, 125, 106","90, 91, 41"
ASHOKLEY,3,1,2,14668,"24, 15, 90","14, 32, 70"
ASIANENE,0,0,0,0,,
ASIANHOTNR,2,1,1,37605,"489, 112","390, 264"
ASIANPAINT,1,1,0,31089,971,1986
ASIANTILES,5,0,5,-37855,"33, 129, 156, 133, 124","25, 99, 121, 91, 94"
ASMS,3,2,1,77785,"7, 1, 4","14, 3, 3"
ASPINWALL,2,1,1,20911,"168, 123","129, 254"
ASTEC,4,3,1,125142,"54, 25, 224, 409","41, 63, 542, 939"
ASTERDM,1,1,0,31170,124,252
ASTRAL,3,2,1,57925,"194, 203, 467","154, 408, 1003"
ASTRAMICRO,4,0,4,-31016,"44, 126, 108, 99","31, 91, 80, 77"
ASTRAZEN,3,1,2,27728,"836, 812, 3908","655, 1891, 3106"
ASTRON,1,0,1,-16750,108,54
ATALREAL,0,0,0,0,,
ATFL,1,0,1,-6611,506,382
ATGL,1,1,0,61021,117,348
ATLANTAA,4,0,4,-33068,"40, 19, 9, 9","29, 14, 6, 7"
ATUL,1,1,0,30630,2390,4914
ATULAUTO,1,0,1,-6626,340,269
AUBANK,0,0,0,0,,
AURIONPRO,5,2,3,36418,"72, 121, 129, 107, 46","144, 84, 96, 74, 92"
AUROPHARMA,4,2,2,60763,"58, 685, 481, 734","147, 470, 981, 531"
AURUM,4,2,2,64401,"380, 228, 77, 56","299, 550, 48, 140"
AUSOMENT,3,2,1,70382,"22, 10, 35","17, 22, 78"
AUTOAXLES,6,3,3,85400,"415, 261, 610, 1244, 970, 564","329, 583, 1439, 805, 688, 1159"
AUTOIND,6,1,5,-4551,"153, 98, 72, 53, 51, 20","118, 75, 58, 34, 40, 41"
AVADHSUGAR,2,1,1,38829,"180, 190","118, 494"
AVANTIFEED,1,1,0,44800,187,467
AVG,1,1,0,34692,51,105
AVROIND,3,2,1,56762,"15, 11, 28","8, 23, 62"
AVTNPL,2,1,1,24451,"27, 23","21, 46"
AWHCL,0,0,0,0,,
AWL,0,0,0,0,,
AXISBANK,1,1,0,31028,444,906
AXISCADES,4,1,3,19064,"43, 158, 91, 51","112, 97, 62, 40"
AXITA,0,0,0,0,,
AYMSYNTEX,3,1,2,25675,"93, 42, 24","72, 30, 53"
BAFNAPH,2,1,1,52045,"11, 13","5, 42"
BAGFILMS,5,0,5,-35400,"17, 4, 6, 5, 2","13, 3, 5, 4, 2"
BAJAJ-AUTO,1,1,0,30236,1604,3257
BAJAJCON,1,1,0,35094,116,234
BAJAJELEC,3,1,2,16043,"215, 174, 343","169, 356, 253"
BAJAJFINSV,2,2,0,63876,"188, 585","391, 1181"
BAJAJHCARE,0,0,0,0,,
BAJAJHIND,7,1,6,39424,"63, 35, 30, 21, 7, 6, 6","46, 26, 23, 14, 6, 5, 20"
BAJAJHLDNG,2,2,0,61957,"808, 2543","1659, 5432"
BAJFINANCE,1,1,0,32090,2831,6016
BALAJITELE,4,1,3,9742,"39, 46, 34, 57","31, 36, 71, 38"
BALAMINES,3,1,2,18660,"339, 496, 332","714, 378, 252"
BALAXI,2,1,1,21544,"4, 3","3, 6"
BALKRISHNA,3,1,2,19191,"47, 31, 20","102, 19, 16"
BALKRISIND,1,0,1,-6496,996,779
BALMLAWRIE,3,1,2,23429,"57, 53, 152","45, 116, 118"
BALPHARMA,2,0,2,-14310,"24, 88","18, 70"
BALRAMCHIN,5,2,3,43003,"49, 60, 50, 76, 134","39, 46, 40, 154, 279"
BANARBEADS,3,0,3,-21584,"34, 31, 37","27, 24, 29"
BANARISUG,2,2,0,67291,"991, 1022","2136, 2197"
BANCOINDIA,4,1,3,9254,"75, 127, 133, 73","60, 95, 98, 148"
BANDHANBNK,2,0,2,-14367,"550, 319","404, 253"
BANG,4,0,4,-49029,"39, 11, 36, 21","22, 6, 23, 12"
BANKA,2,1,1,34908,"37, 29","28, 66"
BANKBARODA,4,1,3,10293,"160, 144, 105, 51","115, 113, 76, 108"
BANKINDIA,5,0,5,-38208,"311, 210, 101, 76, 49","232, 163, 77, 51, 39"
BANSWRAS,4,1,3,11767,"41, 20, 41, 39","29, 42, 32, 31"
BARBEQUE,0,0,0,0,,
BASF,2,1,1,22471,"951, 1481","1986, 1023"
BASML,2,0,2,-11267,"43, 34","33, 26"
BATAINDIA,1,1,0,30081,401,811
BAYERCROP,2,0,2,-15790,"916, 4543","714, 3474"
BBL,3,0,3,-20031,"325, 678, 480","244, 512, 381"
BBOX,2,1,1,31187,"19, 11","15, 24"
BBTC,5,2,3,34358,"104, 498, 403, 1380, 1135","215, 330, 853, 936, 732"
BBTCL,1,0,1,-7062,41,32
BCG,2,0,2,-14884,"14, 4","11, 3"
BCLIND,0,0,0,0,,
BCONCEPTS,2,0,2,-15156,"35, 20","25, 16"
BDL,0,0,0,0,,
BEARDSELL,1,1,0,39477,8,18
BECTORFOOD,0,0,0,0,,
BEDMUTHA,3,1,2,11554,"14, 9, 28","11, 19, 17"
BEL,3,2,1,55012,"12, 31, 30","23, 25, 59"
BEML,5,1,4,-1526,"446, 1079, 854, 634, 538","318, 796, 682, 380, 1097"
BEPL,3,0,3,-22009,"15, 59, 49","11, 46, 37"
BERGEPAINT,1,1,0,40528,68,160
BFINVEST,1,0,1,-6070,334,264
BFUTILITIE,5,2,3,62957,"321, 575, 394, 180, 383","666, 450, 313, 477, 301"
BGRENERGY,5,0,5,-46026,"550, 369, 110, 63, 36","397, 286, 80, 41, 21"
BHAGCHEM,0,0,0,0,,
BHAGERIA,1,0,1,-6460,137,108
BHAGYANGR,2,1,1,25511,"21, 10","15, 21"
BHANDARI,2,0,2,-20571,"1, 2","1, 1"
BHARATFORG,4,1,3,3731,"165, 679, 446, 326","130, 509, 235, 678"
BHARATGEAR,3,3,0,106867,"24, 49, 26","48, 102, 66"
BHARATRAS,1,1,0,37674,115,259
BHARATWIRE,2,1,1,34391,"34, 23","25, 55"
BHARTIARTL,1,1,0,34448,304,652
BHEL,7,1,6,5933,"155, 134, 168, 84, 75, 57, 28","118, 106, 133, 65, 59, 43, 71"
BIGBLOC,1,0,1,-8424,6,5
BIL,4,1,3,4010,"62, 182, 272, 187","41, 375, 202, 131"
BINANIIND,2,1,1,26294,"110, 65","87, 131"
BIOCON,2,1,1,28289,"61, 40","46, 88"
BIOFILCHEM,2,1,1,28265,"7, 8","5, 21"
BIRLACABLE,3,1,2,18341,"17, 52, 49","12, 32, 114"
BIRLACORPN,3,1,2,27432,"777, 524, 518","567, 415, 1255"
BIRLAMONEY,2,0,2,-17731,"47, 62","33, 48"
BKMINDST,2,2,0,86663,"5, 1","10, 2"
BLBLIMITED,3,2,1,85850,"3, 4, 4","8, 4, 8"
BLISSGVS,2,0,2,-12583,"28, 119","21, 94"
BLKASHYAP,2,1,1,35759,"50, 6","39, 14"
BLS,2,1,1,31866,"47, 16","34, 38"
BLUECHIP,3,2,1,40000,"0, 0, 0","1, 1, 0"
BLUECOAST,4,1,3,21408,"81, 63, 131, 5","59, 172, 102, 3"
BLUEDART,5,2,3,54985,"1969, 5962, 5204, 3097, 2484","4203, 4756, 4138, 2401, 5574"
BLUESTARCO,3,0,3,-24505,"186, 94, 339","144, 68, 230"
BODALCHEM,4,1,3,10098,"12, 42, 127, 60","10, 31, 100, 123"
BOHRAIND,3,1,2,9554,"508, 34, 30","307, 23, 60"
BOMDYEING,6,1,5,4412,"79, 69, 58, 49, 135, 94","61, 51, 40, 115, 108, 69"
BOROLTD,0,0,0,0,,
BORORENEW,2,0,2,-17128,"45, 133","35, 78"
BOSCHLTD,2,0,2,-7257,"20784, 15305","16339, 12128"
BPCL,2,1,1,21927,"110, 470","231, 317"
BPL,2,0,2,-14538,"26, 22","20, 17"
BRIGADE,1,1,0,33583,136,290
BRITANNIA,0,0,0,0,,
BRNL,2,0,2,-15321,"122, 70","83, 52"
BROOKS,2,0,2,-17522,"15, 37","12, 22"
BSE,2,0,2,-15640,"275, 204","200, 151"
BSHSL,0,0,0,0,,
BSL,4,1,3,12547,"29, 16, 62, 25","22, 12, 42, 55"
BSOFT,2,2,0,73993,"50, 69","107, 161"
BTML,0,0,0,0,,
BURNPUR,5,0,5,-42927,"9, 10, 14, 2, 2","6, 8, 10, 1, 1"
BUTTERFLY,2,1,1,28341,"198, 133","157, 284"
BVCL,3,0,3,-26238,"22, 8, 12","17, 6, 8"
BYKE,3,1,2,36836,"23, 21, 12","18, 16, 32"
CALSOFT,7,2,5,71361,"34, 5, 8, 41, 22, 18, 10","24, 12, 6, 32, 13, 13, 31"
CAMLINFINE,3,1,2,24774,"56, 53, 152","44, 115, 118"
CAMPUS,0,0,0,0,,
CAMS,0,0,0,0,,
CANBK,7,2,5,22673,"122, 91, 84, 50, 40, 45, 20","89, 71, 53, 38, 81, 29, 43"
CANFINHOME,1,1,0,34139,289,614
CANTABIL,1,1,0,36653,4,8
CAPACITE,3,1,2,18120,"357, 242, 112","271, 182, 229"
CAPLIPOINT,1,1,0,38410,231,532
CAPTRUST,6,1,5,-24858,"474, 218, 150, 138, 83, 68","336, 134, 78, 97, 58, 136"
CARBORUNIV,1,1,0,33550,278,599
CAREERP,0,0,0,0,,
CARERATING,4,0,4,-31598,"1300, 1011, 639, 419","929, 755, 476, 298"
CARTRADE,1,0,1,-6886,650,481
CARYSIL,1,0,1,-7359,696,527
CASTROLIND,4,1,3,6789,"123, 232, 198, 151","251, 184, 143, 99"
CCHHL,2,1,1,34295,"10, 3","8, 6"
CCL,1,1,0,38417,193,442
CDSL,2,1,1,34684,"243, 205","191, 483"
CEATLTD,1,0,1,-6511,1264,980
CELEBRITY,2,2,0,66173,"3, 10","7, 21"
CENTENKA,3,1,2,20287,"215, 193, 175","171, 119, 394"
CENTEXT,2,0,2,-19965,"5, 3","4, 2"
CENTRALBK,7,1,6,-25037,"108, 102, 78, 74, 37, 23, 14","66, 77, 62, 41, 25, 18, 28"
CENTRUM,2,0,2,-16321,"18, 40","14, 27"
CENTUM,6,1,5,-11805,"113, 57, 710, 581, 383, 298","77, 41, 485, 407, 253, 599"
CENTURYPLY,4,1,3,8002,"53, 27, 175, 159","32, 61, 126, 111"
CENTURYTEX,8,2,6,33535,"359, 323, 241, 554, 1263, 978, 644, 333","285, 227, 589, 419, 947, 422, 507, 796"
CERA,1,1,0,31682,1830,3751
CEREBRAINT,0,0,0,0,,
CESC,2,1,1,27954,"42, 89","91, 69"
CGCL,2,1,1,23372,"14, 34","29, 24"
CGPOWER,4,0,4,-34949,"69, 45, 43, 8","45, 32, 29, 6"
CHALET,0,0,0,0,,
CHAMBLFERT,1,0,1,-10552,165,108
CHEMBOND,0,0,0,0,,
CHEMCON,0,0,0,0,,
CHEMFAB,1,1,0,31455,194,410
CHEMPLASTS,0,0,0,0,,
CHENNPETRO,3,2,1,123127,"65, 273, 78","170, 208, 279"
CHEVIOT,0,0,0,0,,
CHOICEIN,0,0,0,0,,
CHOLAFIN,2,1,1,23548,"206, 189","153, 389"
CHOLAHLDNG,1,0,1,-10242,486,290
CIEINDIA,3,1,2,22912,"44, 192, 165","112, 151, 69"
CIGNITITEC,1,0,1,-8624,268,189
CINELINE,4,2,2,78621,"62, 9, 45, 24","49, 23, 27, 62"
CINEVISTA,3,1,2,21428,"4, 9, 6","3, 6, 12"
CIPLA,1,0,1,-6821,527,402
CLEAN,0,0,0,0,,
CLEDUCATE,1,1,0,33529,11,23
CLSEL,0,0,0,0,,
CMSINFO,0,0,0,0,,
COALINDIA,3,0,3,-20431,"325, 294, 237","251, 225, 185"
COASTCORP,0,0,0,0,,
COCHINSHIP,1,1,0,36561,150,334
COFFEEDAY,3,1,2,33363,"236, 50, 22","123, 32, 67"
COFORGE,1,1,0,29498,1452,2927
COLPAL,0,0,0,0,,
COMPINFO,5,2,3,42167,"15, 7, 33, 15, 13","12, 16, 21, 8, 29"
COMPUSOFT,2,1,1,27675,"14, 7","11, 14"
CONCOR,2,2,0,63000,"196, 398","418, 798"
CONFIPET,0,0,0,0,,
CONSOFINVT,4,1,3,12875,"63, 41, 30, 64","127, 31, 24, 50"
CONTROLPR,1,0,1,-8289,264,186
CORALFINAC,1,0,1,-7848,17,13
CORDSCABLE,1,0,1,-7776,31,24
COROMANDEL,4,2,2,50678,"284, 224, 190, 415","224, 155, 412, 845"
COSMOFIRST,2,0,2,-12008,"73, 242","59, 193"
COUNCODOS,3,0,3,-26557,"1, 2, 2","1, 2, 1"
CRAFTSMAN,0,0,0,0,,
CREATIVE,2,1,1,37056,"78, 53","62, 125"
CREATIVEYE,2,1,1,39880,"3, 1","2, 4"
CREDITACC,1,1,0,31481,522,1072
CREST,2,1,1,18090,"31, 100","63, 52"
CRISIL,4,2,2,49601,"961, 1952, 1614, 1370","2016, 1443, 1284, 2788"
CROMPTON,1,1,0,33837,228,487
CROWN,2,1,1,32685,"17, 7","12, 16"
CSBBANK,0,0,0,0,,
CTE,4,2,2,68330,"10, 7, 3, 17","8, 5, 6, 46"
CUB,3,2,1,58451,"40, 76, 158","82, 160, 125"
CUBEXTUB,4,2,2,88407,"15, 5, 11, 11","11, 10, 8, 33"
CUMMINSIND,5,2,3,32916,"420, 871, 768, 575, 392","862, 648, 575, 327, 788"
CUPID,2,1,1,33230,"13, 128","10, 301"
CYBERMEDIA,8,2,6,13428,"21, 12, 9, 8, 10, 8, 4, 3","14, 9, 7, 18, 7, 6, 3, 6"
CYBERTECH,2,1,1,23182,"14, 44","11, 89"
CYIENT,3,2,1,54240,"129, 460, 276","272, 229, 606"
DABUR,0,0,0,0,,
DALBHARAT,2,1,1,19986,"881, 673","491, 1436"
DALMIASUG,4,2,2,119776,"16, 154, 62, 109","65, 107, 48, 253"
DAMODARIND,0,0,0,0,,
DANGEE,1,1,0,31930,6,13
DATAMATICS,3,0,3,-20537,"63, 141, 77","49, 104, 60"
DATAPATTNS,0,0,0,0,,
DBCORP,2,0,2,-16912,"371, 187","260, 136"
DBL,1,0,1,-6408,838,654
DBREALTY,7,1,6,-13969,"72, 71, 60, 51, 28, 12, 6","49, 53, 37, 36, 20, 8, 14"
DBSTOCKBRO,3,1,2,20788,"98, 9, 8","77, 7, 19"
DCAL,4,2,2,72951,"26, 26, 296, 84","58, 69, 234, 65"
DCBBANK,3,1,2,16688,"59, 94, 195","47, 191, 148"
DCI,1,1,0,39259,41,95
DCM,1,0,1,-6610,27,20
DCMFINSERV,3,1,2,27628,"3, 1, 1","2, 1, 2"
DCMNVL,1,0,1,-8086,198,140
DCMSHRIRAM,3,2,1,61563,"125, 330, 317","257, 215, 702"
DCMSRIND,0,0,0,0,,
DCW,2,0,2,-16429,"12, 26","9, 19"
DECCANCE,4,2,2,48003,"87, 416, 318, 242","196, 301, 196, 504"
DEEPAKFERT,3,0,3,-21829,"104, 343, 95","82, 260, 73"
DEEPAKNTR,2,2,0,65927,"65, 233","131, 506"
DEEPENR,5,0,5,-39422,"39, 70, 83, 66, 44","29, 53, 63, 45, 34"
DEEPINDS,0,0,0,0,,
DELHIVERY,0,0,0,0,,
DELPHIFX,4,2,2,53682,"70, 65, 587, 338","55, 140, 408, 702"
DELTACORP,4,2,2,47232,"77, 67, 125, 85","61, 41, 265, 177"
DELTAMAGNT,4,2,2,47066,"43, 26, 28, 25","32, 53, 21, 53"
DEN,5,0,5,-40990,"78, 161, 60, 51, 53","61, 108, 48, 30, 40"
DENORA,4,3,1,96342,"120, 257, 324, 223","275, 549, 241, 465"
DEVIT,1,1,0,53731,19,53
DEVYANI,0,0,0,0,,
DGCONTENT,2,1,1,52355,"6, 5","4, 14"
DHAMPURSUG,4,2,2,65612,"37, 110, 209, 133","29, 239, 161, 320"
DHANBANK,6,0,6,-56535,"125, 74, 41, 23, 16, 15","78, 54, 30, 18, 8, 12"
DHANI,5,3,2,120576,"8, 20, 171, 118, 65","19, 58, 108, 250, 48"
DHANUKA,0,0,0,0,,
DHRUV,0,0,0,0,,
DHUNINV,1,1,0,33364,49,106
DIACABS,7,0,7,-52310,"12390, 4515, 4705, 315, 200, 160, 75","8903, 3420, 3460, 180, 155, 110, 60"
DIAMONDYD,1,0,1,-6142,932,715
DICIND,3,0,3,-20361,"258, 216, 409","201, 167, 322"
DIGISPICE,2,0,2,-12025,"32, 28","25, 21"
DIGJAMLMTD,3,2,1,135517,"132, 30, 80","96, 104, 245"
DIL,3,2,1,86299,"3, 3, 8","2, 7, 22"
DISHTV,4,2,2,72755,"54, 90, 75, 8","116, 71, 57, 20"
DIVISLAB,2,1,1,23560,"1051, 647","784, 1306"
DIXON,1,1,0,30427,454,931
DLF,7,1,6,-9992,"301, 269, 199, 176, 115, 221, 178","224, 210, 150, 140, 233, 163, 137"
DLINKINDIA,2,1,1,38431,"22, 105","54, 81"
DMART,1,1,0,30370,1492,2994
DMCC,0,0,0,0,,
DNAMEDIA,3,1,2,595,"6, 1, 0","2, 0, 1"
DODLA,0,0,0,0,,
DOLATALGO,1,1,0,42159,49,118
DOLLAR,2,1,1,32344,"173, 132","110, 312"
DOLPHIN,3,0,3,-22317,"1019, 775, 376","790, 610, 261"
DONEAR,4,0,4,-31460,"11, 17, 44, 30","9, 13, 31, 21"
DPABHUSHAN,1,1,0,52486,46,129
DPSCLTD,2,0,2,-15627,"16, 13","12, 10"
DPWIRES,3,1,2,24067,"70, 60, 52","52, 45, 113"
DRCSYSTEMS,0,0,0,0,,
DREDGECORP,1,0,1,-6161,296,235
DRREDDY,1,1,0,30096,2702,5423
DSSL,5,1,4,18510,"12, 4, 3, 3, 38","8, 4, 2, 8, 28"
DTIL,0,0,0,0,,
DUCON,1,1,0,101506,3,15
DVL,5,1,4,1904,"115, 94, 81, 112, 64","88, 68, 163, 85, 49"
DWARKESH,3,2,1,60736,"4, 2, 25","3, 4, 54"
DYNAMATECH,4,1,3,11442,"1252, 2417, 2144, 606","992, 1531, 1703, 1311"
DYNPRO,0,0,0,0,,
E2E,1,1,0,36846,18,41
EASEMYTRIP,0,0,0,0,,
ECLERX,2,0,2,-15242,"853, 354","676, 244"
EDELWEISS,4,0,4,-27659,"32, 98, 107, 67","26, 74, 80, 52"
EDUCOMP,8,0,8,-67184,"608, 271, 24, 13, 9, 8, 4, 4","474, 212, 12, 10, 6, 6, 3, 3"
EICHERMOT,1,1,0,27918,1655,3359
EIDPARRY,3,2,1,56366,"207, 130, 165","144, 269, 347"
EIFFL,3,0,3,-23175,"121, 106, 101","94, 73, 75"
EIHAHOTELS,2,1,1,25286,"343, 235","260, 496"
EIHOTEL,4,3,1,90243,"53, 100, 179, 86","106, 202, 140, 187"
EIMCOELECO,3,1,2,22988,"249, 115, 338","184, 265, 192"
EKC,5,1,4,23677,"84, 31, 12, 11, 19","62, 24, 9, 8, 49"
ELDEHSG,0,0,0,0,,
ELECON,6,1,5,-14204,"74, 62, 62, 58, 34, 26","54, 42, 49, 31, 19, 57"
ELECTCAST,5,2,3,53929,"25, 13, 23, 15, 14","17, 31, 16, 9, 34"
ELECTHERM,5,2,3,46625,"179, 17, 22, 136, 115","138, 35, 45, 87, 90"
ELGIEQUIP,3,2,1,59460,"72, 152, 73","155, 109, 153"
ELGIRUBCO,2,1,1,26049,"27, 14","20, 31"
EMAMILTD,2,2,0,67973,"127, 221","255, 483"
EMAMIPAP,1,0,1,-7084,118,84
EMAMIREAL,3,2,1,58916,"34, 16, 36","22, 35, 79"
EMKAY,5,2,3,59008,"49, 16, 144, 68, 47","35, 33, 98, 52, 117"
EMMBI,1,0,1,-5410,12,9
EMUDHRA,0,0,0,0,,
ENDURANCE,3,1,2,11357,"1204, 1012, 726","922, 601, 1456"
ENERGYDEV,4,2,2,108062,"16, 34, 7, 10","34, 26, 5, 38"
ENGINERSIN,4,1,3,10525,"115, 87, 117, 75","77, 186, 92, 57"
ENIL,2,1,1,25764,"238, 742","506, 550"
EPL,2,2,0,66884,"17, 110","34, 234"
EQUIPPP,4,3,1,161144,"16, 13, 11, 13","12, 42, 26, 35"
EQUITASBNK,0,0,0,0,,
ERIS,0,0,0,0,,
EROSMEDIA,4,0,4,-30221,"150, 185, 94, 16","114, 118, 72, 12"
ESABINDIA,1,1,0,34710,638,1368
ESCORTS,6,3,3,92359,"142, 85, 70, 139, 705, 580","113, 66, 152, 325, 536, 1318"
ESSARSHPNG,2,0,2,-12915,"18, 10","15, 8"
ESSENTIA,3,2,1,104526,"0, 0, 0","1, 0, 0"
ESTER,2,0,2,-15865,"42, 35","30, 25"
ETHOSLTD,0,0,0,0,,
EUROTEXIND,4,1,3,18223,"13, 24, 13, 9","27, 19, 10, 7"
EVEREADY,3,0,3,-28749,"243, 81, 66","177, 45, 50"
EVERESTIND,3,2,1,65524,"156, 228, 203","108, 466, 480"
EXCEL,2,2,0,85962,"0, 0","1, 0"
EXCELINDUS,1,0,1,-7407,944,689
EXIDEIND,3,1,2,13536,"143, 121, 195","105, 248, 132"
EXPLEOSOL,4,2,2,48871,"46, 449, 318, 272","102, 314, 144, 608"
EXXARO,0,0,0,0,,
FACT,2,1,1,24214,"33, 41","26, 84"
FAIRCHEMOR,0,0,0,0,,
FCL,1,0,1,-8408,54,39
FCONSUMER,4,0,4,-43282,"53, 46, 28, 17","39, 28, 12, 11"
FCSSOFT,1,0,1,-10000,0,0
FDC,1,1,0,31353,175,356
FEDERALBNK,3,2,1,58619,"41, 98, 51","87, 71, 107"
FELDVR,6,2,4,36964,"134, 80, 58, 22, 26, 18","88, 64, 134, 48, 18, 12"
FIBERWEB,0,0,0,0,,
FIEMIND,4,1,3,10576,"509, 255, 192, 178","401, 182, 127, 372"
FILATEX,1,1,0,42712,1,3
FINCABLES,3,1,2,9915,"256, 475, 388","517, 375, 204"
FINEORG,0,0,0,0,,
FINOPB,0,0,0,0,,
FINPIPE,3,2,1,67925,"11, 126, 100","27, 95, 209"
FLEXITUFF,4,0,4,-32633,"109, 53, 8, 6","78, 41, 6, 4"
FLFL,3,1,2,7505,"81, 94, 77","169, 49, 50"
FLUOROCHEM,1,1,0,36250,357,799
FMGOETZE,1,0,1,-10362,406,258
FMNL,4,0,4,-37917,"13, 28, 17, 9","10, 16, 12, 7"
FOCUS,3,1,2,26385,"10, 9, 4","8, 6, 9"
FOODSIN,0,0,0,0,,
FORTIS,2,1,1,31314,"98, 160","220, 123"
FOSECOIND,2,0,2,-14082,"1539, 1285","1206, 902"
FSC,3,0,3,-29759,"639, 175, 97","511, 105, 66"
FSL,5,2,3,42236,"19, 13, 9, 44, 36","12, 10, 21, 34, 75"
GABRIEL,3,1,2,24456,"27, 24, 87","20, 19, 192"
GAEL,2,0,2,-17601,"12, 41","9, 26"
GAIL,1,0,1,-6788,66,51
GALAXYSURF,1,1,0,32165,1225,2547
GALLANTT,2,0,2,-18868,"43, 29","30, 20"
GANDHITUBE,2,2,0,70749,"146, 194","316, 423"
GANECOS,4,2,2,49958,"140, 398, 273, 222","310, 317, 164, 458"
GANESHBE,0,0,0,0,,
GANESHHOUC,4,2,2,68211,"95, 42, 76, 37","68, 104, 176, 29"
GANGAFORGE,1,1,0,47831,1,3
GANGESSECU,1,1,0,36880,33,69
GARFIBRES,1,0,1,-7308,67,53
GATEWAY,0,0,0,0,,
GAYAHWS,2,1,1,26104,"1, 0","0, 1"
GEECEE,5,2,3,55715,"28, 143, 134, 86, 69","72, 110, 85, 44, 158"
GEEKAYWIRE,1,1,0,43701,7,18
GENCON,0,0,0,0,,
GENESYS,2,0,2,-13702,"106, 44","84, 29"
GENUSPAPER,2,0,2,-19317,"7, 6","5, 5"
GENUSPOWER,4,2,2,47504,"16, 42, 23, 24","36, 32, 14, 48"
GEOJITFSL,4,1,3,3268,"42, 28, 37, 66","25, 18, 76, 50"
GEPIL,5,1,4,933,"616, 352, 691, 580, 177","383, 730, 551, 446, 130"
GESHIP,3,1,2,19728,"285, 253, 314","217, 197, 664"
GET&D,5,0,5,-42416,"195, 293, 190, 167, 127","147, 155, 147, 120, 98"
GFLLIMITED,2,0,2,-13146,"36, 84","27, 66"
GHCL,3,2,1,96483,"34, 245, 137","92, 192, 373"
GICHSGFIN,5,2,3,51584,"117, 214, 434, 270, 82","89, 501, 344, 172, 181"
GICRE,2,0,2,-14333,"220, 149","164, 118"
GILLANDERS,2,1,1,24018,"58, 30","41, 62"
GILLETTE,0,0,0,0,,
GINNIFILA,3,1,2,29256,"7, 26, 13","5, 63, 10"
GIPCL,2,1,1,24298,"66, 82","143, 50"
GKWLIMITED,1,1,0,37736,401,958
GLAND,0,0,0,0,,
GLAXO,0,0,0,0,,
GLENMARK,2,0,2,-18412,"697, 337","545, 206"
GLFL,6,1,5,5208,"3, 3, 2, 2, 2, 2","3, 3, 1, 1, 4, 2"
GLOBAL,2,1,1,21776,"18, 12","14, 24"
GLOBALVECT,2,1,1,24678,"10, 69","21, 46"
GLOBE,0,0,0,0,,
GLOBUSSPR,5,1,4,1413,"99, 77, 184, 132, 128","74, 59, 147, 84, 269"
GLS,0,0,0,0,,
GMBREW,3,0,3,-20827,"536, 525, 341","403, 412, 247"
GMDCLTD,5,2,3,59385,"136, 103, 87, 65, 40","87, 75, 62, 132, 114"
GMMPFAUDLR,0,0,0,0,,
GMRINFRA,3,1,2,18635,"26, 19, 11","18, 15, 24"
GMRP&UI,0,0,0,0,,
GNA,1,0,1,-12774,125,71
GNFC,2,1,1,27572,"108, 65","83, 139"
GOACARBON,2,0,2,-17444,"810, 282","555, 209"
GOCLCORP,3,2,1,56905,"175, 312, 174","373, 243, 349"
GOCOLORS,0,0,0,0,,
GODFRYPHLP,3,1,2,21286,"629, 1188, 797","480, 929, 1805"
GODHA,2,1,1,35181,"1, 1","1, 1"
GODREJAGRO,1,0,1,-6529,477,368
GODREJCP,1,0,1,-7881,811,599
GODREJIND,4,1,3,5799,"182, 600, 549, 437","365, 467, 420, 283"
GODREJPROP,3,2,1,63098,"214, 663, 1508","464, 1432, 1194"
GOKEX,6,3,3,80044,"66, 36, 65, 103, 85, 40","49, 77, 135, 79, 65, 90"
GOKUL,4,1,3,15633,"46, 15, 14, 11","22, 11, 10, 26"
GOKULAGRO,0,0,0,0,,
GOLDENTOBC,3,2,1,69547,"22, 40, 25","58, 25, 53"
GOLDIAM,2,2,0,68634,"15, 21","31, 47"
GOLDTECH,7,4,3,137325,"9, 7, 5, 4, 5, 11, 11","7, 6, 3, 9, 10, 22, 32"
GOODLUCK,3,1,2,30487,"90, 79, 38","71, 62, 92"
GPIL,3,2,1,58099,"20, 41, 42","43, 26, 88"
GPPL,3,1,2,30621,"50, 153, 100","126, 115, 78"
GPTINFRA,2,1,1,25257,"25, 12","20, 24"
GRANULES,2,2,0,81643,"13, 103","27, 273"
GRAPHITE,0,0,0,0,,
GRASIM,4,2,2,41353,"312, 1063, 855, 587","631, 830, 474, 1196"
GRAVITA,4,3,1,108342,"27, 25, 81, 42","69, 51, 59, 94"
GREAVESCOT,4,1,3,18567,"86, 78, 137, 84","69, 62, 70, 208"
GREENLAM,1,1,0,37246,157,356
GREENPANEL,1,1,0,35060,39,85
GREENPLY,2,2,0,150368,"15, 37","33, 175"
GREENPOWER,3,0,3,-20899,"13, 9, 2","10, 7, 2"
GRINDWELL,0,0,0,0,,
GRINFRA,0,0,0,0,,
GROBTEA,1,1,0,40444,317,771
GRPLTD,0,0,0,0,,
GRSE,0,0,0,0,,
GRWRHITECH,0,0,0,0,,
GSFC,8,3,5,59224,"80, 60, 57, 72, 133, 106, 86, 53","59, 47, 115, 146, 105, 81, 61, 113"
GSPL,0,0,0,0,,
GSS,4,2,2,51970,"161, 19, 34, 26","128, 39, 26, 54"
GTL,3,0,3,-25263,"51, 13, 2","37, 10, 1"
GTLINFRA,1,0,1,-7500,12,9
GTPL,1,1,0,32877,67,138
GUFICBIO,3,1,2,17032,"7, 5, 70","6, 10, 48"
GUJALKALI,3,1,2,21684,"125, 576, 456","275, 444, 338"
GUJAPOLLO,0,0,0,0,,
GUJGASLTD,2,1,1,27084,"134, 559","288, 419"
GUJRAFFIA,4,1,3,46207,"29, 18, 12, 9","19, 14, 10, 29"
GULFOILLUB,1,0,1,-12119,888,515
GULFPETRO,2,0,2,-17274,"13, 10","9, 7"
GULPOLY,3,1,2,18324,"59, 41, 29","46, 18, 67"
GVKPIL,4,0,4,-29362,"16, 9, 8, 3","12, 7, 6, 2"
GVPTECH,2,0,2,-18642,"317, 14","218, 11"
HAL,1,1,0,31300,386,798
HAPPSTMNDS,0,0,0,0,,
HARDWYN,0,0,0,0,,
HARIOMPIPE,0,0,0,0,,
HARRMALAYA,4,2,2,46343,"85, 77, 42, 58","61, 60, 85, 118"
HATHWAY,5,0,5,-44386,"41, 25, 31, 23, 20","26, 18, 25, 13, 16"
HATSUN,1,0,1,-6317,489,380
HAVELLS,2,2,0,66328,"74, 420","151, 916"
HAVISHA,2,1,1,38289,"1, 1","1, 2"
HBLPOWER,3,1,2,25417,"45, 19, 16","30, 11, 41"
HBSL,1,1,0,36708,27,55
HCC,7,2,5,17760,"60, 21, 24, 19, 13, 10, 6","39, 16, 16, 39, 10, 4, 13"
HCG,2,1,1,27292,"116, 100","74, 224"
HCL-INSYS,4,2,2,88197,"24, 57, 8, 7","68, 44, 5, 17"
HCLTECH,2,2,0,68069,"109, 389","234, 812"
HDFCAMC,1,1,0,37943,1534,3537
HDFCBANK,1,1,0,36696,643,1441
HDFCLIFE,0,0,0,0,,
HEADSUP,2,0,2,-20372,"15, 11","11, 7"
HECPROJECT,1,1,0,34879,19,40
HEG,5,1,4,8017,"213, 192, 164, 176, 1132","163, 153, 119, 371, 876"
HEIDELBERG,1,1,0,32406,34,69
HEMIPROP,0,0,0,0,,
HERANBA,1,0,1,-6068,717,573
HERCULES,2,0,2,-15975,"122, 192","93, 128"
HERITGFOOD,3,0,3,-25959,"23, 194, 184","18, 152, 108"
HEROMOTOCO,3,1,2,15033,"1710, 3055, 2502","3541, 2356, 1596"
HESTERBIO,1,1,0,34108,502,1050
HEUBACHIND,3,0,3,-19149,"505, 520, 419","399, 416, 330"
HEXATRADEX,3,1,2,17517,"35, 13, 10","27, 10, 20"
HFCL,3,1,2,23132,"12, 13, 16","10, 30, 12"
HGINFRA,1,1,0,50611,205,528
HGS,3,1,2,35532,"161, 235, 314","113, 187, 863"
HIKAL,1,0,1,-13068,124,70
HIL,5,2,3,50077,"384, 295, 1394, 927, 3698","270, 638, 1050, 2037, 2844"
HILTON,3,1,2,28406,"19, 13, 9","11, 10, 24"
HIMATSEIDE,2,1,1,21465,"218, 63","162, 127"
HINDALCO,5,2,3,48587,"160, 102, 84, 191, 139","123, 80, 176, 96, 340"
HINDCOMPOS,4,2,2,42560,"96, 357, 210, 156","195, 228, 167, 316"
HINDCON,2,1,1,21353,"4, 3","3, 5"
HINDCOPPER,5,1,4,82960,"311, 69, 49, 35, 32","248, 53, 32, 21, 150"
HINDMOTORS,4,1,3,9041,"19, 7, 7, 5","14, 6, 5, 9"
HINDOILEXP,4,1,3,3701,"201, 50, 103, 51","123, 37, 75, 102"
HINDPETRO,4,1,3,9133,"83, 70, 48, 302","61, 47, 102, 232"
HINDUNILVR,1,1,0,32255,584,1220
HINDWAREAP,1,1,0,30067,78,160
HINDZINC,2,1,1,26326,"105, 300","227, 217"
HIRECT,1,0,1,-5501,141,112
HISARMETAL,0,0,0,0,,
HITECH,2,1,1,37902,"19, 11","15, 25"
HITECHCORP,4,1,3,14803,"94, 50, 112, 63","66, 39, 83, 141"
HITECHGEAR,2,1,1,21915,"183, 112","79, 248"
HLEGLAS,0,0,0,0,,
HLVLTD,4,1,3,5962,"42, 34, 16, 5","32, 27, 10, 11"
HMT,2,0,2,-15115,"44, 21","35, 16"
HMVL,1,1,0,36029,124,272
HOMEFIRST,0,0,0,0,,
HONAUT,2,2,0,65410,"2324, 8972","5075, 19434"
HONDAPOWER,5,2,3,64959,"414, 386, 1338, 1100, 966","329, 773, 1044, 876, 2670"
HOVS,4,2,2,72317,"47, 30, 89, 38","37, 79, 184, 30"
HPAL,0,0,0,0,,
HPIL,0,0,0,0,,
HPL,2,1,1,29862,"42, 33","34, 74"
HSCL,2,0,2,-12894,"17, 18","13, 14"
HTMEDIA,4,0,4,-31207,"127, 94, 85, 41","89, 74, 65, 29"
HUBTOWN,4,1,3,14788,"216, 115, 18, 11","167, 91, 13, 26"
HUDCO,0,0,0,0,,
HUHTAMAKI,1,0,1,-7430,258,195
IBREALEST,5,1,4,15281,"108, 71, 54, 92, 68","76, 53, 150, 68, 41"
IBULHSGFIN,3,0,3,-27404,"765, 185, 167","542, 140, 105"
ICDSLTD,2,0,2,-13942,"53, 43","41, 34"
ICEMAKE,2,1,1,32546,"80, 37","63, 82"
ICICIBANK,2,1,1,27931,"169, 164","130, 353"
ICICIGI,0,0,0,0,,
ICICIPRULI,0,0,0,0,,
ICIL,4,1,3,22275,"82, 49, 41, 37","65, 33, 24, 102"
ICRA,1,0,1,-6435,3992,3047
IDBI,5,0,5,-36725,"117, 101, 65, 32, 44","93, 80, 50, 19, 35"
IDEA,4,0,4,-29904,"71, 66, 56, 10","56, 52, 42, 6"
IDFC,6,1,5,-8146,"75, 65, 52, 45, 36, 18","56, 45, 40, 35, 15, 42"
IDFCFIRSTB,2,1,1,37473,"48, 26","36, 63"
IEX,0,0,0,0,,
IFBAGRO,0,0,0,0,,
IFBIND,5,1,4,25055,"139, 79, 70, 978, 415","107, 61, 47, 744, 1168"
IFCI,4,1,3,23550,"29, 27, 27, 5","22, 21, 20, 12"
IFGLEXPOR,5,2,3,42063,"37, 124, 102, 162, 133","29, 87, 210, 91, 300"
IGARASHI,2,0,2,-13341,"762, 238","599, 184"
IGL,2,1,1,17799,"76, 48","44, 97"
IGPL,3,1,2,37268,"23, 54, 168","17, 149, 95"
IIFL,4,1,3,51560,"38, 33, 402, 82","29, 26, 283, 278"
IIFLSEC,0,0,0,0,,
IITL,6,1,5,-12169,"215, 154, 94, 65, 101, 67","126, 120, 70, 144, 77, 51"
IL&FSENGG,5,1,4,5713,"76, 29, 43, 17, 3","56, 63, 29, 11, 2"
IL&FSTRANS,3,1,2,33723,"118, 90, 1","94, 71, 3"
IMAGICAA,4,1,3,10167,"136, 86, 4, 5","103, 66, 2, 11"
IMFA,4,1,3,22415,"75, 129, 90, 72","55, 97, 56, 197"
IMPAL,0,0,0,0,,
IMPEXFERRO,5,0,5,-45361,"8, 4, 1, 0, 1","6, 3, 1, 0, 0"
INCREDIBLE,2,0,2,-15392,"62, 25","43, 19"
INDBANK,2,2,0,67490,"8, 7","16, 15"
INDHOTEL,3,2,1,61285,"60, 44, 90","47, 94, 191"
INDIACEM,4,1,3,5015,"60, 146, 126, 108","124, 106, 90, 74"
INDIAGLYCO,3,1,2,18194,"101, 279, 228","65, 209, 499"
INDIAMART,1,0,1,-6404,2457,1905
INDIANB,5,3,2,90352,"233, 101, 104, 280, 62","185, 218, 225, 187, 136"
INDIANCARD,0,0,0,0,,
INDIANHUME,2,0,2,-16112,"289, 256","218, 182"
INDIGO,1,1,0,33924,903,1890
INDIGOPNTS,1,0,1,-5753,1679,1342
INDNIPPON,0,0,0,0,,
INDOAMIN,0,0,0,0,,
INDOBORAX,0,0,0,0,,
INDOCO,1,0,1,-10397,202,148
INDORAMA,5,2,3,66931,"34, 16, 32, 28, 17","23, 40, 25, 21, 42"
INDOSTAR,2,0,2,-18066,"343, 282","217, 212"
INDOTECH,4,1,3,21556,"157, 86, 163, 95","118, 63, 95, 232"
INDOTHAI,2,0,2,-23647,"37, 25","26, 14"
INDOWIND,4,1,3,3136,"20, 6, 4, 4","12, 3, 3, 9"
INDRAMEDCO,2,0,2,-13924,"55, 49","43, 38"
INDSWFTLAB,4,1,3,22918,"52, 29, 38, 75","39, 77, 26, 57"
INDSWFTLTD,5,1,4,2666,"6, 5, 5, 3, 3","4, 10, 4, 2, 2"
INDTERRAIN,2,0,2,-12845,"134, 37","105, 28"
INDUSINDBK,1,0,1,-20116,1252,351
INDUSTOWER,3,1,2,17570,"156, 230, 309","337, 175, 215"
INFIBEAM,1,0,1,-5273,9,7
INFOBEAN,1,1,0,41495,70,163
INFOMEDIA,3,1,2,30538,"3, 3, 4","7, 3, 3"
INFY,2,1,1,26960,"360, 312","278, 654"
INGERRAND,2,1,1,32971,"690, 597","536, 1384"
INOXWIND,2,1,1,26550,"25, 10","20, 21"
INSECTICID,3,2,1,65217,"119, 369, 298","272, 208, 688"
INSPIRISYS,1,1,0,33256,39,78
INTELLECT,4,2,2,55817,"122, 203, 170, 112","270, 150, 116, 239"
INTENTECH,2,0,2,-17579,"88, 36","60, 26"
INTLCONV,0,0,0,0,,
INVENTURE,1,0,1,-7911,1,1
IOB,5,1,4,19726,"44, 30, 16, 12, 11","35, 22, 12, 9, 28"
IOC,2,0,2,-14744,"48, 96","34, 76"
IOLCP,2,0,2,-16150,"23, 69","18, 48"
IONEXCHANG,0,0,0,0,,
IPCALAB,2,1,1,27204,"396, 258","282, 571"
IPL,0,0,0,0,,
IRB,7,1,6,-11749,"21, 15, 10, 25, 23, 15, 11","16, 12, 23, 19, 14, 10, 8"
IRCON,0,0,0,0,,
IRCTC,0,0,0,0,,
IRFC,0,0,0,0,,
IRIS,0,0,0,0,,
IRISDOREME,0,0,0,0,,
ISEC,1,1,0,44551,242,601
ISFT,3,2,1,53943,"380, 210, 54","775, 142, 109"
ISGEC,0,0,0,0,,
ISMTLTD,6,0,6,-51084,"49, 30, 12, 11, 10, 7","39, 23, 9, 8, 7, 4"
ITC,1,0,1,-5989,217,172
ITDC,2,1,1,15776,"231, 209","129, 422"
ITDCEM,4,2,2,44985,"17, 15, 65, 50","12, 33, 30, 106"
ITI,2,0,2,-15919,"23, 95","16, 76"
IVC,3,2,1,73704,"36, 14, 3","27, 28, 9"
IVP,4,3,1,90715,"36, 92, 124, 38","76, 187, 96, 78"
IWEL,0,0,0,0,,
IZMO,3,2,1,59945,"18, 9, 22","13, 19, 48"
J&KBANK,3,0,3,-20061,"81, 41, 18","60, 30, 14"
JAGRAN,3,0,3,-25545,"107, 126, 63","82, 84, 46"
JAGSNPHARM,2,0,2,-10517,"17, 13","13, 10"
JAIBALAJI,3,0,3,-30856,"215, 37, 23","127, 27, 16"
JAICORPLTD,2,1,1,23566,"60, 116","128, 76"
JAIPURKURT,3,1,2,40926,"14, 8, 7","10, 6, 20"
JAMNAAUTO,4,2,2,61009,"10, 6, 63, 32","8, 15, 41, 69"
JASH,2,1,1,25443,"138, 99","101, 205"
JAYAGROGN,1,1,0,33690,100,213
JAYBARMARU,3,2,1,52585,"9, 39, 40","18, 20, 85"
JAYNECOIND,4,1,3,20592,"7, 13, 6, 5","18, 8, 4, 4"
JAYSREETEA,3,1,2,24210,"100, 70, 44","78, 53, 98"
JBCHEPHARM,2,2,0,67541,"34, 170","77, 341"
JBMA,4,3,1,107804,"6, 62, 75, 88","14, 141, 56, 194"
JCHAC,3,0,3,-22270,"221, 131, 1850","150, 104, 1390"
JETAIRWAYS,6,3,3,68732,"248, 403, 306, 29, 31, 102","514, 832, 238, 14, 65, 78"
JETFREIGHT,3,1,2,24033,"15, 11, 6","12, 8, 12"
JHS,3,1,2,62995,"7, 34, 19","26, 26, 13"
JINDALPHOT,3,1,2,17566,"51, 69, 36","119, 53, 15"
JINDALPOLY,3,0,3,-21947,"216, 200, 257","157, 153, 199"
JINDALSAW,8,2,6,9987,"210, 152, 132, 76, 53, 93, 86, 58","159, 120, 89, 50, 112, 73, 46, 117"
JINDALSTEL,5,1,4,-2768,"448, 159, 80, 116, 122","349, 120, 53, 82, 244"
JINDRILL,3,1,2,13542,"185, 137, 73","126, 104, 154"
JINDWORLD,3,1,2,32627,"12, 10, 48","9, 7, 125"
JISLDVREQS,3,1,2,22759,"34, 43, 7","26, 21, 17"
JISLJALEQS,4,2,2,47829,"75, 69, 61, 7","60, 52, 126, 14"
JITFINFRA,3,0,3,-27008,"24, 8, 9","18, 6, 6"
JKCEMENT,2,2,0,62727,"188, 676","387, 1386"
JKIL,4,2,2,46818,"90, 214, 137, 96","218, 126, 75, 194"
JKLAKSHMI,6,2,4,53384,"51, 107, 71, 340, 293, 242","39, 61, 190, 267, 196, 543"
JKPAPER,4,1,3,12268,"35, 30, 142, 150","28, 63, 110, 120"
JKTYRE,3,1,2,17407,"15, 111, 128","32, 75, 102"
JMA,2,1,1,28040,"38, 22","30, 46"
JMFINANCIL,3,0,3,-22686,"29, 94, 79","22, 67, 61"
JOCIL,1,0,1,-7065,100,77
JPASSOCIAT,6,1,5,-2257,"93, 73, 54, 14, 9, 8","67, 52, 26, 9, 22, 6"
JPOLYINVST,3,1,2,6342,"14, 19, 291","7, 13, 588"
JPPOWER,6,0,6,-68801,"48, 39, 15, 5, 4, 2","33, 26, 12, 4, 2, 1"
JSL,3,0,3,-21062,"89, 42, 35","70, 33, 24"
JSWENERGY,4,2,2,57500,"44, 94, 73, 47","94, 62, 57, 110"
JSWHL,3,1,2,15016,"1140, 616, 1921","865, 481, 3852"
JSWSTEEL,4,2,2,40739,"73, 308, 262, 189","146, 237, 146, 387"
JTEKTINDIA,4,3,1,107479,"11, 51, 86, 67","31, 110, 39, 148"
JTLIND,0,0,0,0,,
JUBLFOOD,2,2,0,62621,"101, 272","204, 558"
JUBLINDS,2,1,1,25856,"162, 40","124, 86"
JUBLINGREA,0,0,0,0,,
JUBLPHARMA,5,2,3,32141,"145, 75, 130, 404, 472","98, 156, 268, 187, 344"
JUSTDIAL,3,0,3,-25202,"1269, 766, 817","845, 610, 565"
JWL,5,3,2,96708,"43, 41, 11, 18, 13","33, 88, 23, 14, 32"
JYOTHYLAB,1,1,0,36036,40,89
JYOTISTRUC,5,1,4,18365,"20, 13, 10, 3, 2","61, 10, 8, 2, 1"
KABRAEXTRU,2,0,2,-18498,"86, 68","60, 42"
KAJARIACER,3,1,2,20402,"579, 440, 392","444, 342, 825"
KAKATCEM,2,1,1,39005,"78, 308","201, 227"
KALYANIFRG,3,2,1,58228,"150, 89, 130","107, 187, 265"
KALYANKJIL,0,0,0,0,,
KAMATHOTEL,4,2,2,77506,"93, 36, 49, 28","72, 107, 38, 57"
KAMDHENU,4,2,2,48855,"21, 90, 59, 39","50, 48, 37, 85"
KANANIIND,7,1,6,-12887,"13, 5, 4, 5, 3, 2, 1","9, 4, 3, 4, 2, 1, 3"
KANORICHEM,3,1,2,32760,"30, 73, 33","24, 56, 85"
KANPRPLA,0,0,0,0,,
KANSAINER,0,0,0,0,,
KAPSTON,0,0,0,0,,
KARMAENG,3,1,2,21148,"12, 12, 12","26, 10, 9"
KARURVYSYA,2,1,1,23019,"64, 34","48, 69"
KAVVERITEL,3,1,2,58019,"17, 16, 2","13, 11, 6"
KAYA,4,1,3,6970,"1014, 416, 234, 383","733, 279, 494, 271"
KBCGLOBAL,2,1,1,27552,"3, 4","2, 8"
KCP,2,0,2,-17232,"99, 64","72, 43"
KCPSUGIND,2,1,1,25231,"20, 33","42, 25"
KDDL,3,0,3,-24595,"478, 369, 162","324, 262, 121"
KEC,4,2,2,50218,"101, 53, 36, 126","79, 42, 75, 260"
KECL,3,0,3,-24230,"21, 18, 14","16, 13, 10"
KEEPLEARN,1,1,0,56536,1,4
KEI,2,1,1,22619,"25, 349","17, 709"
KELLTONTEC,2,0,2,-15755,"36, 24","28, 16"
KERNEX,6,1,5,45636,"128, 93, 79, 36, 24, 18","90, 63, 59, 26, 18, 66"
KESORAMIND,8,2,6,16092,"76, 66, 47, 77, 68, 58, 29, 60","54, 53, 98, 53, 50, 42, 59, 47"
KEYFINSERV,3,2,1,98819,"46, 30, 29","30, 64, 105"
KHADIM,2,1,1,53015,"478, 116","342, 346"
KHAICHEM,0,0,0,0,,
KHAITANLTD,4,2,2,53806,"20, 8, 18, 20","16, 18, 38, 14"
KHANDSE,2,0,2,-11453,"19, 15","15, 11"
KICL,3,0,3,-26775,"1700, 2397, 1785","1185, 1822, 956"
KILITCH,2,0,2,-18472,"72, 58","41, 46"
KIMS,0,0,0,0,,
KINGFA,2,0,2,-19966,"771, 669","594, 366"
KIOCL,0,0,0,0,,
KIRIINDUS,4,1,3,20431,"576, 11, 120, 495","328, 28, 78, 389"
KIRLOSBROS,5,3,2,86022,"188, 133, 128, 159, 116","148, 301, 281, 87, 239"
KIRLOSENG,2,1,1,23695,"237, 162","173, 332"
KIRLOSIND,2,1,1,37250,"644, 667","448, 1631"
KITEX,2,0,2,-13577,"330, 301","262, 224"
KKCL,2,0,2,-18335,"260, 200","200, 126"
KMSUGAR,4,0,4,-34601,"3, 2, 1, 9","2, 2, 1, 6"
KNRCON,4,1,3,4779,"13, 8, 120, 107","10, 5, 89, 213"
KOHINOOR,3,1,2,123499,"47, 29, 8","37, 23, 42"
KOKUYOCMLN,2,0,2,-13395,"41, 83","31, 63"
KOLTEPATIL,1,0,1,-6049,124,99
KOPRAN,2,1,1,33634,"34, 28","26, 68"
KOTAKBANK,1,1,0,31750,339,700
KOTARISUG,0,0,0,0,,
KOTHARIPET,0,0,0,0,,
KOTHARIPRO,1,0,1,-7943,94,69
KPIGREEN,0,0,0,0,,
KPITTECH,1,1,0,36866,63,142
KPRMILL,3,2,1,63214,"14, 115, 97","31, 68, 213"
KRBL,6,2,4,27233,"20, 209, 537, 384, 334, 246","41, 440, 337, 299, 221, 180"
KREBSBIO,0,0,0,0,,
KRIDHANINF,3,2,1,49629,"59, 40, 2","121, 24, 5"
KRISHANA,0,0,0,0,,
KRITI,3,1,2,15575,"7, 4, 116","5, 8, 86"
KRITIKA,1,1,0,32100,2,5
KRSNAA,0,0,0,0,,
KSB,3,1,2,24936,"285, 206, 607","218, 498, 425"
KSCL,1,0,1,-8832,505,351
KSHITIJPOL,1,1,0,78219,5,16
KSL,5,2,3,58567,"52, 141, 293, 215, 197","36, 341, 231, 170, 446"
KSOLVES,0,0,0,0,,
KTKBANK,3,2,1,53692,"97, 64, 62","71, 130, 125"
KUANTUM,0,0,0,0,,
L&TFH,4,1,3,-797,"59, 161, 134, 112","119, 121, 107, 48"
LAGNAM,2,1,1,35362,"12, 8","8, 21"
LALPATHLAB,1,1,0,32637,890,1892
LAMBODHARA,2,0,2,-15224,"167, 57","127, 43"
LAOPALA,2,1,1,34504,"243, 182","194, 424"
LASA,3,1,2,25453,"30, 17, 69","23, 45, 44"
LATENTVIEW,0,0,0,0,,
LATTEYS,2,1,1,55828,"5, 3","3, 10"
LAURUSLABS,0,0,0,0,,
LAXMICOT,2,1,1,26617,"14, 8","11, 16"
LAXMIMACH,4,3,1,102331,"1736, 3540, 6079, 2852","3750, 8422, 4044, 6449"
LCCINFOTEC,5,1,4,11087,"1, 0, 0, 0, 5","1, 0, 0, 1, 2"
LEMONTREE,1,1,0,40370,23,54
LEXUS,1,0,1,-11258,37,23
LFIC,3,2,1,75489,"38, 19, 47","30, 48, 100"
LGBBROSLTD,4,2,2,59192,"79, 43, 310, 220","63, 101, 248, 447"
LGBFORGE,4,1,3,29637,"6, 4, 3, 3","5, 2, 2, 9"
LGHL,0,0,0,0,,
LIBAS,2,0,2,-9807,"38, 32","30, 24"
LIBERTSHOE,3,2,1,85814,"82, 175, 106","175, 135, 305"
LICHSGFIN,3,1,2,21721,"188, 466, 427","422, 320, 327"
LICI,0,0,0,0,,
LIKHITHA,0,0,0,0,,
LINC,4,1,3,10089,"370, 238, 197, 184","290, 184, 144, 379"
LINCOLN,1,0,1,-8217,175,129
LINDEINDIA,2,2,0,88906,"286, 613","680, 1560"
LODHA,0,0,0,0,,
LOKESHMACH,2,0,2,-17310,"25, 82","19, 55"
LOTUSEYE,1,0,1,-7921,22,18
LOVABLE,2,0,2,-18972,"274, 103","212, 58"
LPDC,2,1,1,22345,"4, 1","3, 2"
LT,2,1,1,24430,"621, 811","483, 1672"
LTIM,1,1,0,29728,1799,3660
LTTS,1,1,0,29934,1283,2568
LUMAXIND,1,1,0,36553,355,792
LUMAXTECH,2,2,0,71110,"21, 58","49, 116"
LUPIN,1,0,1,-6879,1740,1338
LUXIND,3,1,2,38760,"1373, 1203, 1152","1083, 945, 3106"
LXCHEM,0,0,0,0,,
LYKALABS,2,0,2,-12064,"12, 60","9, 48"
LYPSAGEMS,1,0,1,-11867,5,3
M&M,3,2,1,52697,"355, 620, 436","715, 457, 884"
M&MFIN,3,2,1,57161,"87, 149, 274","180, 322, 186"
MAANALU,3,2,1,64568,"1, 12, 7","2, 9, 14"
MACPOWER,2,0,2,-15373,"150, 60","119, 47"
MADHAV,5,2,3,35903,"22, 15, 48, 30, 24","16, 30, 38, 19, 52"
MADHUCON,4,0,4,-36861,"108, 14, 34, 8","81, 11, 19, 6"
MADRASFERT,2,1,1,28420,"21, 15","15, 33"
MAGADSUGAR,0,0,0,0,,
MAGNUM,4,2,2,162868,"4, 2, 4, 4","2, 13, 3, 9"
MAHABANK,3,1,2,22895,"40, 28, 11","30, 20, 24"
MAHAPEXLTD,1,0,1,-9050,120,82
MAHASTEEL,1,0,1,-9707,85,60
MAHEPC,0,0,0,0,,
MAHESHWARI,0,0,0,0,,
MAHLIFE,4,2,2,50207,"119, 90, 129, 71","92, 185, 64, 172"
MAHLOG,1,1,0,33561,275,580
MAHSCOOTER,3,2,1,59919,"401, 2778, 2505","901, 2050, 5258"
MAHSEAMLES,3,0,3,-30376,"180, 88, 194","136, 66, 97"
MAITHANALL,3,1,2,19597,"34, 483, 471","27, 352, 1011"
MALLCOM,0,0,0,0,,
MALUPAPER,3,1,2,15290,"16, 11, 7","12, 8, 14"
MANAKALUCO,1,0,1,-10168,6,4
MANAKCOAT,1,1,0,34744,7,15
MANAKSIA,3,0,3,-21619,"52, 62, 35","42, 48, 27"
MANAKSTEEL,3,1,2,14196,"9, 25, 22","18, 19, 15"
MANALIPETC,2,0,2,-18257,"11, 20","8, 16"
MANAPPURAM,6,3,3,78749,"31, 19, 16, 27, 86, 151","22, 14, 37, 54, 177, 114"
MANGALAM,4,1,3,11473,"14, 12, 6, 32","10, 9, 5, 72"
MANGCHEFER,4,1,3,23734,"41, 47, 41, 34","98, 37, 33, 27"
MANGLMCEM,3,1,2,36711,"269, 220, 168","202, 150, 455"
MANINDS,3,1,2,38607,"83, 69, 66","229, 55, 40"
MANINFRA,3,1,2,12703,"18, 15, 18","14, 30, 11"
MANORAMA,0,0,0,0,,
MANORG,0,0,0,0,,
MANUGRAPH,0,0,0,0,,
MANYAVAR,0,0,0,0,,
MAPMYINDIA,0,0,0,0,,
MARALOVER,1,1,0,34862,28,60
MARATHON,1,1,0,33407,52,111
MARICO,0,0,0,0,,
MARINE,2,1,1,27884,"19, 40","39, 31"
MARKSANS,1,0,1,-7137,38,29
MARSHALL,2,1,1,48076,"20, 7","14, 19"
MARUTI,4,2,2,45671,"1424, 1187, 3795, 7662","1092, 2439, 7750, 5470"
MASFIN,0,0,0,0,,
MASKINVEST,3,0,3,-33226,"42, 33, 45","30, 24, 34"
MASTEK,4,1,3,2236,"202, 143, 387, 265","137, 111, 190, 572"
MATRIMONY,1,0,1,-6988,664,530
MAWANASUG,6,2,4,44390,"34, 15, 7, 57, 43, 30","27, 11, 16, 128, 29, 23"
MAXHEALTH,0,0,0,0,,
MAXIND,0,0,0,0,,
MAYURUNIQ,2,1,1,21489,"230, 206","150, 416"
MAZDA,2,1,1,33775,"308, 306","245, 721"
MAZDOCK,0,0,0,0,,
MBAPL,2,1,1,37949,"17, 14","12, 32"
MBECL,7,2,5,49882,"236, 109, 53, 5, 4, 7, 4","176, 86, 106, 4, 12, 6, 4"
MBLINFRA,6,2,4,131069,"72, 34, 228, 135, 27, 5","55, 84, 163, 77, 19, 23"
MCDOWELL-N,3,1,2,18848,"156, 553, 436","113, 384, 947"
MCL,1,0,1,-16873,93,41
MCLEODRUSS,3,1,2,40086,"222, 185, 4","166, 140, 13"
MCX,2,1,1,33504,"500, 926","1054, 667"
MEDICAMEQ,0,0,0,0,,
MEDICO,0,0,0,0,,
MEDPLUS,0,0,0,0,,
MEGASOFT,3,1,2,25429,"9, 12, 7","7, 9, 15"
MEGASTAR,0,0,0,0,,
MELSTAR,5,2,3,62343,"3, 3, 6, 4, 2","3, 6, 4, 3, 4"
MENONBE,2,1,1,28462,"89, 38","71, 82"
MEP,3,0,3,-29374,"46, 19, 18","35, 13, 11"
METROBRAND,0,0,0,0,,
METROPOLIS,2,1,1,21743,"1385, 2398","2836, 1616"
MFSL,1,1,0,41250,365,866
MGEL,0,0,0,0,,
MGL,1,0,1,-6475,912,728
MHLXMIRU,0,0,0,0,,
MHRIL,4,2,2,56894,"111, 218, 160, 112","260, 170, 93, 246"
MICEL,3,0,3,-20053,"13, 3, 3","9, 2, 3"
MIDHANI,0,0,0,0,,
MINDACORP,2,2,0,86060,"20, 73","54, 156"
MINDTECK,1,0,1,-8101,51,39
MIRCELECTR,3,1,2,21637,"5, 11, 8","11, 8, 7"
MIRZAINT,2,1,1,47151,"96, 44","73, 126"
MITCON,2,1,1,43515,"60, 40","48, 101"
MITTAL,1,1,0,30449,1,2
MKPL,1,1,0,41588,1,2
MMFL,2,1,1,27210,"233, 425","587, 167"
MMP,2,1,1,23737,"82, 172","165, 129"
MMTC,2,0,2,-13260,"595, 35","465, 28"
MODIRUBBER,2,0,2,-18079,"46, 32","33, 24"
MODISONLTD,0,0,0,0,,
MOHITIND,2,0,2,-17846,"45, 10","27, 8"
MOIL,2,0,2,-15072,"131, 137","99, 102"
MOKSH,2,1,1,28397,"5, 23","10, 15"
MOL,0,0,0,0,,
MOLDTECH,1,0,1,-9425,52,35
MOLDTKPAC,2,1,1,27251,"256, 199","172, 446"
MONARCH,0,0,0,0,,
MONTECARLO,3,1,2,15421,"424, 272, 165","323, 206, 334"
MORARJEE,3,0,3,-24574,"45, 25, 13","34, 19, 9"
MOREPENLAB,4,1,3,56567,"4, 20, 18, 49","3, 16, 65, 39"
MOTHERSON,4,2,2,55803,"9, 53, 96, 39","19, 41, 70, 88"
MOTILALOFS,1,0,1,-6898,648,497
MOTOGENFIN,0,0,0,0,,
MPHASIS,2,1,1,20110,"1041, 861","664, 1776"
MPSLTD,2,1,1,42831,"38, 477","106, 364"
MRF,0,0,0,0,,
MRO-TEK,5,3,2,395257,"5, 24, 25, 26, 33","64, 50, 19, 20, 67"
MRPL,8,2,6,10152,"74, 58, 40, 82, 74, 55, 37, 35","52, 43, 81, 65, 46, 38, 26, 74"
MSPL,5,1,4,7750,"17, 14, 15, 6, 8","13, 11, 12, 4, 16"
MSTCLTD,1,1,0,43358,112,274
MSUMI,0,0,0,0,,
MTARTECH,0,0,0,0,,
MTEDUCARE,3,0,3,-20671,"131, 71, 12","96, 56, 9"
MTNL,7,2,5,31615,"67, 48, 31, 15, 19, 8, 9","53, 35, 24, 31, 14, 6, 19"
MUKANDLTD,4,2,2,64518,"48, 32, 35, 22","33, 24, 85, 49"
MUKTAARTS,2,1,1,30953,"52, 24","33, 55"
MUNJALAU,1,0,1,-5744,49,38
MUNJALSHOW,0,0,0,0,,
MURUDCERA,2,1,1,18825,"23, 16","51, 10"
MUTHOOTCAP,3,0,3,-28780,"962, 540, 366","751, 251, 286"
MUTHOOTFIN,4,3,1,104212,"114, 109, 180, 451","91, 220, 376, 1086"
NACLIND,1,0,1,-8890,39,27
NAGAFERT,4,0,4,-27186,"12, 13, 4, 12","9, 10, 3, 9"
NAGREEKCAP,4,1,3,8504,"20, 10, 15, 9","15, 21, 11, 7"
NAGREEKEXP,2,1,1,21073,"9, 8","18, 5"
NAHARCAP,5,1,4,-1580,"47, 65, 122, 91, 74","37, 134, 96, 63, 51"
NAHARINDUS,3,1,2,11507,"64, 61, 27","44, 123, 18"
NAHARPOLY,3,1,2,17639,"13, 12, 43","10, 25, 34"
NAHARSPING,5,1,4,19889,"106, 57, 105, 46, 349","81, 157, 74, 36, 276"
NAM-INDIA,2,1,1,27933,"253, 182","175, 390"
NARMADA,1,0,1,-5216,12,10
NATCOPHARM,4,1,3,10813,"968, 808, 542, 905","754, 576, 1129, 691"
NATHBIOGEN,1,0,1,-10483,310,206
NATIONALUM,6,2,4,39609,"57, 34, 81, 75, 46, 32","44, 75, 62, 60, 34, 65"
NAUKRI,1,1,0,36524,325,710
NAVA,3,1,2,20615,"98, 84, 51","77, 65, 107"
NAVINFLUOR,2,2,0,63828,"36, 708","75, 1430"
NAVKARCORP,2,0,2,-19548,"33, 64","18, 47"
NAVNETEDUL,1,1,0,35323,57,124
NAZARA,0,0,0,0,,
NBCC,2,1,1,22401,"105, 23","75, 47"
NBIFIN,1,1,0,35605,1255,2798
NCC,6,2,4,50944,"35, 16, 80, 76, 29, 69","19, 44, 61, 55, 59, 54"
NCLIND,4,1,3,3907,"23, 116, 144, 89","18, 234, 107, 54"
NDGL,1,0,1,-7232,910,700
NDL,3,1,2,20761,"7, 12, 7","5, 9, 15"
NDRAUTO,0,0,0,0,,
NDTV,3,1,2,19103,"43, 118, 35","88, 94, 28"
NECCLTD,0,0,0,0,,
NECLIFE,3,1,2,21588,"31, 28, 14","24, 22, 31"
NELCAST,2,1,1,30708,"48, 43","35, 96"
NELCO,3,1,2,26825,"84, 243, 195","57, 135, 513"
NEOGEN,0,0,0,0,,
NESCO,2,2,0,76614,"141, 292","347, 603"
NESTLEIND,1,1,0,31208,625,1288
NETWORK18,1,0,1,-8916,38,27
NEULANDLAB,2,1,1,26875,"107, 532","225, 418"
NEWGEN,1,0,1,-15362,112,53
NEXTMEDIA,3,1,2,17864,"3, 22, 8","8, 18, 5"
NFL,4,2,2,58527,"83, 24, 29, 25","63, 52, 23, 53"
NGIL,1,0,1,-11126,152,99
NH,2,0,2,-14506,"307, 260","233, 195"
NHPC,4,1,3,14440,"31, 25, 21, 20","25, 18, 17, 43"
NIACL,3,0,3,-26419,"190, 168, 118","149, 109, 80"
NIBL,4,1,3,17246,"8, 23, 8, 9","18, 18, 6, 5"
NIITLTD,1,1,0,36192,79,177
NILAINFRA,1,0,1,-11551,8,5
NILASPACES,0,0,0,0,,
NILKAMAL,3,2,1,68716,"121, 1430, 1209","306, 934, 2625"
NIPPOBATRY,0,0,0,0,,
NIRAJ,0,0,0,0,,
NITCO,3,2,1,61656,"23, 63, 42","49, 129, 34"
NITINSPIN,3,1,2,11728,"71, 55, 41","54, 28, 88"
NITIRAJ,2,0,2,-14747,"69, 58","54, 41"
NKIND,1,1,0,28378,21,42
NLCINDIA,3,0,3,-24853,"112, 90, 61","83, 66, 44"
NMDC,3,0,3,-20453,"91, 97, 77","72, 74, 61"
NOCIL,2,0,2,-19146,"170, 112","133, 66"
NOIDATOLL,1,0,1,-7094,12,9
NORBTEAEXP,5,2,3,115348,"5, 8, 6, 4, 6","10, 6, 5, 16, 5"
NRAIL,2,0,2,-21473,"283, 243","209, 148"
NRBBEARING,4,1,3,9994,"41, 124, 109, 78","30, 95, 83, 158"
NRL,0,0,0,0,,
NSIL,3,1,2,18504,"714, 548, 1073","549, 1170, 822"
NTPC,2,0,2,-15493,"131, 111","94, 84"
NUCLEUS,1,0,1,-5872,94,74
NURECA,0,0,0,0,,
NUVOCO,0,0,0,0,,
NYKAA,0,0,0,0,,
OAL,0,0,0,0,,
OBCL,0,0,0,0,,
OBEROIRLTY,4,2,2,66796,"265, 188, 446, 366","198, 398, 332, 964"
OCCL,0,0,0,0,,
OFSS,1,1,0,32391,2261,4700
OIL,2,0,2,-13151,"242, 166","189, 130"
OILCOUNTUB,2,0,2,-14327,"80, 5","60, 4"
OLECTRA,4,2,2,69459,"20, 14, 10, 73","14, 11, 23, 181"
OMAXAUTO,4,1,3,8886,"46, 92, 51, 35","36, 67, 33, 74"
OMAXE,1,0,1,-10077,127,84
OMINFRAL,3,1,2,17690,"49, 19, 16","37, 14, 33"
OMKARCHEM,3,1,2,1415,"17, 13, 5","35, 7, 2"
ONELIFECAP,7,0,7,-51305,"233, 279, 50, 32, 18, 8, 6","177, 201, 39, 24, 14, 6, 5"
ONEPOINT,3,1,2,22314,"5, 5, 2","4, 4, 4"
ONGC,5,1,4,9938,"205, 165, 180, 83, 78","160, 129, 140, 65, 173"
ONMOBILE,3,0,3,-29844,"160, 65, 36","122, 41, 23"
ONWARDTEC,3,1,2,61014,"45, 59, 62","35, 43, 210"
OPTIEMUS,2,0,2,-20718,"117, 26","55, 20"
ORBTEXP,1,0,1,-7206,162,127
ORCHPHARMA,3,1,2,194102,"52, 6, 360","33, 42, 284"
ORICONENT,3,1,2,23805,"33, 28, 17","25, 20, 40"
ORIENTALTL,3,0,3,-24685,"13, 2, 8","10, 2, 6"
ORIENTBELL,4,2,2,63835,"142, 298, 173, 84","309, 237, 137, 198"
ORIENTCEM,3,1,2,16795,"152, 79, 71","110, 45, 160"
ORIENTELEC,0,0,0,0,,
ORIENTHOT,2,1,1,25264,"23, 19","18, 39"
ORIENTLTD,2,1,1,31537,"83, 70","62, 161"
ORIENTPPR,5,1,4,20928,"3, 43, 45, 33, 20","7, 32, 35, 24, 16"
ORISSAMINE,3,1,2,27505,"1830, 790, 820","1448, 579, 1965"
ORTINLAB,2,0,2,-13450,"22, 13","17, 9"
OSIAHYPER,3,1,2,23469,"17, 15, 11","12, 12, 21"
OSWALAGRO,1,0,1,-16134,7,4
OSWALGREEN,2,0,2,-25787,"35, 37","21, 21"
OSWALSEEDS,2,1,1,40896,"5, 5","3, 12"
PAGEIND,3,1,2,9256,"24972, 22518, 19915","19757, 16964, 40422"
PAISALO,5,2,3,40585,"10, 19, 14, 9, 11","7, 14, 9, 20, 22"
PALASHSECU,1,1,0,35229,28,58
PALREDTEC,3,0,3,-24652,"52, 81, 41","40, 57, 28"
PANACEABIO,4,2,2,59301,"98, 89, 147, 240","78, 202, 332, 189"
PANACHE,1,1,0,27806,45,90
PANAMAPET,3,2,1,66676,"12, 129, 42","26, 97, 98"
PANSARI,1,1,0,41025,22,52
PAR,0,0,0,0,,
PARACABLES,2,0,2,-14972,"4, 14","3, 11"
PARADEEP,0,0,0,0,,
PARAGMILK,1,0,1,-12730,243,140
PARAS,0,0,0,0,,
PARASPETRO,1,0,1,-6667,1,1
PARSVNATH,5,1,4,4635,"47, 59, 40, 26, 2","36, 39, 29, 19, 5"
PASUPTAC,0,0,0,0,,
PATANJALI,3,1,2,23395,"3285, 895, 172","2205, 690, 414"
PATELENG,6,0,6,-56614,"112, 71, 52, 64, 33, 13","70, 46, 34, 49, 23, 9"
PATINTLOG,6,1,5,-19093,"42, 37, 22, 12, 11, 8","33, 25, 10, 9, 7, 15"
PAVNAIND,0,0,0,0,,
PAYTM,1,0,1,-8202,676,482
PCBL,5,3,2,74792,"11, 4, 13, 12, 44","7, 9, 8, 25, 96"
PCJEWELLER,2,1,1,48316,"69, 17","45, 47"
PDMJEPAPER,2,0,2,-17204,"20, 17","16, 11"
PDSL,1,1,0,31045,34,68
PEARLPOLY,5,2,3,63999,"16, 6, 16, 18, 15","12, 14, 38, 12, 11"
PEL,2,0,2,-13479,"1474, 1027","1153, 759"
PENIND,1,1,0,35231,19,41
PENINLAND,5,2,3,40083,"37, 36, 24, 17, 6","30, 73, 17, 34, 4"
PERSISTENT,2,1,1,25398,"350, 318","260, 671"
PETRONET,0,0,0,0,,
PFC,2,1,1,27086,"65, 52","43, 117"
PFIZER,2,2,0,63897,"1196, 1893","2425, 4058"
PFOCUS,3,2,1,54921,"32, 47, 37","69, 26, 81"
PFS,5,1,4,8322,"15, 11, 20, 16, 14","12, 27, 15, 12, 8"
PGEL,6,3,3,81221,"223, 85, 108, 105, 57, 45","82, 174, 75, 288, 27, 106"
PGHH,2,2,0,61558,"1805, 5771","3811, 12126"
PGHL,1,1,0,31372,634,1290
PGIL,3,0,3,-18994,"110, 75, 63","82, 59, 49"
PHOENIXLTD,1,1,0,30912,615,1254
PIDILITIND,1,1,0,30787,674,1378
PIGL,3,1,2,12291,"8, 67, 51","16, 42, 40"
PIIND,0,0,0,0,,
PILANIINVS,2,1,1,23557,"814, 1802","1661, 1348"
PILITA,4,1,3,-9195,"3, 1, 8, 6","1, 2, 6, 3"
PIONEEREMB,4,1,3,6462,"9, 6, 48, 27","7, 13, 36, 20"
PITTIENG,4,2,2,53649,"19, 35, 43, 31","14, 76, 21, 66"
PIXTRANS,0,0,0,0,,
PKTEA,3,0,3,-33990,"300, 171, 125","189, 130, 68"
PLASTIBLEN,2,1,1,22288,"35, 198","71, 112"
PNB,5,0,5,-35610,"225, 168, 106, 88, 35","176, 130, 84, 60, 27"
PNBGILTS,1,0,1,-7497,32,24
PNBHOUSING,1,1,0,33593,172,365
PNC,1,1,0,27587,10,20
PNCINFRA,2,1,1,23064,"167, 143","128, 288"
POCL,1,0,1,-4997,31,25
PODDARHOUS,1,0,1,-4876,205,160
PODDARMENT,0,0,0,0,,
POKARNA,2,1,1,24289,"227, 85","178, 180"
POLICYBZR,0,0,0,0,,
POLYCAB,1,1,0,33786,789,1674
POLYMED,2,0,2,-17388,"199, 242","127, 191"
POLYPLEX,2,1,1,29132,"132, 577","290, 459"
PONNIERODE,2,0,2,-15475,"98, 170","78, 121"
POONAWALLA,3,2,1,140374,"66, 118, 27","162, 80, 118"
POWERGRID,1,0,1,-6512,113,89
POWERINDIA,0,0,0,0,,
POWERMECH,3,1,2,8023,"920, 738, 454","677, 324, 933"
PPAP,3,1,2,23647,"46, 34, 192","33, 83, 142"
PPL,1,1,0,36135,54,116
PRAENG,2,1,1,26227,"8, 7","6, 15"
PRAJIND,2,1,1,33410,"113, 63","55, 164"
PRAKASH,3,2,1,57225,"42, 26, 35","29, 53, 74"
PRAKASHSTL,4,1,3,12704,"15, 15, 0, 1","12, 9, 0, 2"
PRAXIS,2,1,1,22512,"37, 15","20, 31"
PRECAM,3,0,3,-26965,"147, 43, 131","110, 25, 104"
PRECOT,3,1,2,28047,"59, 49, 24","37, 38, 59"
PRECWIRE,2,1,1,32311,"22, 13","17, 31"
PREMEXPLN,3,1,2,19304,"365, 175, 104","253, 115, 230"
PREMIERPOL,1,1,0,33678,11,22
PRESTIGE,3,2,1,65108,"147, 105, 210","98, 229, 491"
PRICOLLTD,2,1,1,26876,"17, 33","13, 69"
PRIMESECU,4,3,1,134000,"16, 3, 9, 46","13, 7, 26, 102"
PRINCEPIPE,1,1,0,39022,109,250
PRITI,2,1,1,27958,"25, 24","20, 50"
PRITIKAUTO,0,0,0,0,,
PRIVISCL,0,0,0,0,,
PROZONER,1,0,1,-10545,21,14
PRSMJOHNSN,2,1,1,28790,"96, 47","68, 104"
PRUDENT,0,0,0,0,,
PSB,2,0,2,-14153,"33, 31","26, 23"
PSPPROJECT,0,0,0,0,,
PTC,4,1,3,13733,"60, 65, 48, 92","45, 50, 104, 72"
PTL,2,1,1,18958,"23, 17","17, 34"
PUNJABCHEM,4,2,2,49175,"144, 96, 37, 157","104, 71, 76, 321"
PURVA,2,0,2,-15517,"80, 64","56, 51"
PVP,2,0,2,-15215,"16, 6","12, 4"
QUESS,4,1,3,3343,"747, 519, 366, 709","578, 213, 751, 553"
QUICKHEAL,1,0,1,-7907,226,168
RADAAN,2,1,1,40286,"1, 2","2, 1"
RADICO,3,0,3,-23594,"118, 121, 415","93, 78, 316"
RADIOCITY,0,0,0,0,,
RAILTEL,0,0,0,0,,
RAIN,2,1,1,19816,"32, 96","66, 56"
RAINBOW,0,0,0,0,,
RAJESHEXPO,1,0,1,-6973,100,77
RAJMET,0,0,0,0,,
RAJRATAN,0,0,0,0,,
RAJRILTD,2,1,1,42032,"55, 9","40, 24"
RAJSREESUG,3,0,3,-20192,"38, 27, 16","25, 21, 13"
RAJTV,4,0,4,-42460,"53, 117, 64, 42","40, 43, 50, 32"
RALLIS,1,0,1,-6492,209,162
RAMANEWS,3,0,3,-24012,"23, 25, 17","18, 19, 12"
RAMASTEEL,3,0,3,-32028,"1, 1, 0","1, 0, 0"
RAMCOCEM,1,1,0,30912,178,364
RAMCOIND,8,3,5,67311,"44, 41, 38, 115, 219, 183, 158, 212","34, 32, 80, 250, 167, 114, 335, 165"
RAMCOSYS,4,1,3,11723,"113, 432, 110, 473","88, 340, 242, 301"
RAMKY,2,0,2,-17456,"45, 156","34, 98"
RANASUG,3,2,1,73969,"2, 4, 3","6, 3, 7"
RANEENGINE,3,1,2,37617,"111, 344, 280","311, 235, 205"
RANEHOLDIN,2,2,0,71864,"177, 429","407, 917"
RATEGAIN,0,0,0,0,,
RATNAMANI,2,2,0,71821,"325, 595","731, 1268"
RAYMOND,4,3,1,95442,"228, 422, 810, 278","463, 892, 570, 641"
RBA,0,0,0,0,,
RBL,1,1,0,44818,323,798
RBLBANK,3,0,3,-21793,"531, 374, 174","404, 291, 127"
RCF,3,1,2,19330,"66, 45, 54","53, 96, 38"
RECLTD,3,1,2,13885,"86, 67, 90","58, 136, 67"
REDINGTON,0,0,0,0,,
REFEX,4,2,2,48623,"1, 1, 2, 3","0, 2, 1, 6"
REGENCERAM,5,2,3,71679,"7, 4, 3, 8, 1","5, 3, 8, 6, 2"
RELAXO,2,2,0,71589,"32, 244","74, 506"
RELCHEMQ,0,0,0,0,,
RELIANCE,1,1,0,35504,340,738
RELIGARE,3,1,2,18669,"60, 29, 41","43, 24, 88"
RELINFRA,4,1,3,18993,"434, 396, 22, 27","342, 300, 17, 63"
REMSONSIND,3,1,2,18804,"26, 25, 12","20, 17, 26"
RENUKA,6,0,6,-64690,"68, 38, 19, 11, 8, 11","30, 26, 13, 8, 5, 9"
REPCOHOME,2,1,1,29694,"639, 146","430, 333"
REPL,2,1,1,57072,"42, 30","32, 87"
REPRO,4,2,2,51641,"111, 192, 161, 454","241, 125, 380, 362"
RESPONIND,2,0,2,-19121,"97, 83","78, 65"
RGL,1,1,0,36422,45,100
RHFL,1,0,1,-8124,2,2
RHIM,3,2,1,54455,"84, 239, 175","170, 179, 351"
RICOAUTO,2,2,0,69302,"39, 32","79, 74"
RIIL,4,0,4,-33003,"436, 387, 386, 326","311, 290, 272, 238"
RITCO,0,0,0,0,,
RITES,0,0,0,0,,
RKDL,3,0,3,-20311,"16, 9, 9","11, 7, 7"
RKEC,2,1,1,27844,"100, 40","69, 91"
RKFORGE,6,2,4,28527,"22, 81, 77, 105, 72, 47","17, 63, 172, 61, 31, 96"
RML,2,1,1,35275,"130, 504","320, 385"
ROHLTD,3,1,2,22125,"49, 89, 53","33, 69, 122"
ROLEXRINGS,0,0,0,0,,
ROLLT,1,0,1,-11222,7,5
ROML,5,1,4,12956,"260, 250, 35, 28, 48","200, 149, 21, 22, 127"
ROSSARI,0,0,0,0,,
ROSSELLIND,2,1,1,22057,"86, 61","66, 123"
ROTO,0,0,0,0,,
ROUTE,0,0,0,0,,
RPGLIFE,5,2,3,41080,"67, 60, 363, 248, 205","48, 122, 285, 192, 415"
RPOWER,5,1,4,3562,"96, 71, 50, 38, 2","71, 56, 38, 26, 5"
RPPINFRA,0,0,0,0,,
RPPL,2,1,1,23503,"32, 22","17, 47"
RPSGVENT,2,1,1,20434,"341, 179","118, 424"
RSSOFTWARE,2,0,2,-23721,"144, 82","65, 61"
RSWM,3,1,2,13359,"52, 160, 51","41, 108, 103"
RSYSTEMS,2,0,2,-12073,"71, 45","56, 34"
RTNINDIA,3,3,0,128110,"3, 3, 4","6, 9, 9"
RTNPOWER,7,2,5,69194,"11, 8, 4, 4, 2, 2, 7","8, 6, 3, 3, 3, 8, 5"
RUBYMILLS,2,1,1,32895,"98, 80","78, 180"
RUCHINFRA,3,1,2,23482,"14, 3, 8","10, 6, 6"
RUCHIRA,4,1,3,11312,"15, 122, 97, 54","31, 85, 75, 40"
RUPA,1,0,1,-11076,286,187
RUSHIL,4,1,3,20587,"39, 555, 517, 110","102, 434, 377, 56"
RVHL,0,0,0,0,,
RVNL,0,0,0,0,,
S&SPOWER,0,0,0,0,,
SABEVENTS,3,1,2,16732,"4, 1, 1","3, 1, 2"
SADBHAV,4,1,3,3591,"124, 64, 248, 33","95, 132, 140, 24"
SADBHIN,0,0,0,0,,
SAFARI,0,0,0,0,,
SAGARDEEP,4,1,3,19860,"33, 44, 43, 49","74, 32, 32, 38"
SAGCEM,2,1,1,26079,"129, 67","88, 147"
SAIL,5,0,5,-40963,"170, 102, 50, 54, 37","126, 78, 35, 43, 23"
SAKAR,0,0,0,0,,
SAKHTISUG,2,1,1,21454,"27, 15","20, 30"
SAKSOFT,4,2,2,49498,"6, 4, 23, 18","4, 9, 13, 37"
SAKUMA,1,0,1,-7974,8,6
SALASAR,1,1,0,38120,1,2
SALONA,3,2,1,58163,"15, 16, 52","12, 32, 110"
SALSTEEL,1,1,0,34999,2,4
SALZERELEC,3,1,2,16913,"201, 129, 86","159, 100, 173"
SAMBHAAV,5,2,3,50042,"1, 2, 1, 3, 2","1, 1, 3, 2, 4"
SAMPANN,1,0,1,-9920,6,5
SANCO,3,0,3,-25473,"15, 11, 11","11, 8, 8"
SANDESH,1,0,1,-6550,760,607
SANDHAR,1,0,1,-15255,299,132
SANGAMIND,3,2,1,64609,"34, 76, 48","80, 60, 97"
SANGHIIND,4,2,2,57199,"25, 60, 62, 25","19, 134, 48, 54"
SANGHVIMOV,6,1,5,-17649,"107, 270, 170, 111, 99, 59","72, 200, 111, 88, 46, 125"
SANGINITA,1,0,1,-10004,98,77
SANOFI,0,0,0,0,,
SANSERA,0,0,0,0,,
SAPPHIRE,0,0,0,0,,
SARDAEN,4,0,4,-29645,"27, 12, 11, 42","21, 9, 8, 34"
SAREGAMA,2,0,2,-21119,"7, 40","5, 19"
SARLAPOLY,1,1,0,30727,18,37
SARVESHWAR,3,2,1,74011,"1, 0, 1","1, 1, 2"
SASKEN,2,1,1,19547,"593, 481","379, 967"
SASTASUNDR,4,0,4,-31549,"28, 30, 70, 74","21, 24, 48, 58"
SATIA,0,0,0,0,,
SATIN,5,1,4,-1984,"390, 339, 233, 77, 71","274, 266, 169, 55, 143"
SBC,1,1,0,46258,4,11
SBCL,0,0,0,0,,
SBICARD,0,0,0,0,,
SBILIFE,1,1,0,30438,598,1215
SBIN,1,1,0,31559,192,390
SCHAEFFLER,2,1,1,23269,"844, 713","639, 1450"
SCHAND,2,1,1,25279,"98, 51","71, 106"
SCHNEIDER,2,0,2,-15391,"112, 83","78, 66"
SCI,5,2,3,39684,"111, 66, 38, 70, 43","86, 51, 76, 54, 88"
SDBL,2,0,2,-11919,"31, 27","24, 21"
SEAMECLTD,2,1,1,26236,"115, 370","91, 763"
SECURCRED,2,0,2,-13549,"2, 2","2, 2"
SECURKLOUD,3,1,2,15613,"184, 34, 57","141, 23, 117"
SELAN,4,1,3,8654,"300, 198, 182, 101","224, 157, 135, 210"
SELMC,6,2,4,67691,"12350, 3850, 3750, 1550, 42, 295","6700, 3050, 3000, 1100, 112, 821"
SEMAC,5,2,3,51008,"462, 190, 651, 410, 389","369, 390, 482, 286, 904"
SEPC,2,0,2,-16032,"70, 5","55, 4"
SEQUENT,3,0,3,-23661,"108, 72, 128","83, 50, 97"
SERVOTECH,5,2,3,101035,"5, 3, 3, 2, 4","3, 2, 2, 4, 15"
SESHAPAPER,0,0,0,0,,
SETCO,2,1,1,16825,"33, 10","19, 21"
SEYAIND,2,0,2,-15547,"110, 31","75, 24"
SFL,1,1,0,46248,645,1630
SGIL,0,0,0,0,,
SGL,5,2,3,64915,"5, 4, 2, 2, 7","4, 3, 2, 5, 15"
SHAHALLOYS,4,0,4,-34286,"9, 7, 5, 7","7, 5, 4, 5"
SHAILY,0,0,0,0,,
SHAKTIPUMP,3,1,2,41065,"50, 149, 244","150, 108, 118"
SHALBY,0,0,0,0,,
SHALPAINTS,3,3,0,105421,"51, 82, 63","108, 177, 139"
SHANKARA,2,0,2,-22930,"519, 328","282, 222"
SHANTI,2,1,1,29068,"19, 17","15, 35"
SHANTIGEAR,2,0,2,-15277,"108, 90","80, 66"
SHARDACROP,2,1,1,28273,"403, 263","321, 583"
SHARDAMOTR,4,1,3,20058,"177, 420, 223, 182","412, 323, 170, 145"
SHAREINDIA,0,0,0,0,,
SHEMAROO,3,1,2,4552,"166, 110, 74","62, 70, 161"
SHILPAMED,6,2,4,26925,"88, 65, 677, 353, 303, 456","70, 138, 437, 214, 631, 315"
SHIVALIK,1,0,1,-5667,1014,808
SHIVAMAUTO,5,1,4,2385,"10, 9, 57, 22, 16","8, 19, 43, 16, 12"
SHIVAMILLS,0,0,0,0,,
SHIVATEX,2,1,1,24574,"21, 98","43, 78"
SHK,0,0,0,0,,
SHOPERSTOP,3,1,2,12743,"364, 310, 170","279, 181, 345"
SHRADHA,2,1,1,38078,"21, 12","17, 30"
SHREDIGCEM,0,0,0,0,,
SHREECEM,1,1,0,30940,2070,4223
SHREEPUSHK,2,1,1,25925,"164, 89","121, 192"
SHREERAMA,1,1,0,44047,3,8
SHRENIK,4,1,3,18426,"18, 10, 3, 2","12, 7, 2, 4"
SHREYANIND,3,2,1,68269,"15, 38, 164","36, 77, 123"
SHREYAS,3,1,2,42679,"323, 82, 60","225, 64, 176"
SHRIPISTON,1,0,1,-7110,818,649
SHRIRAMFIN,2,1,1,25118,"563, 930","1128, 644"
SHRIRAMPPS,0,0,0,0,,
SHYAMCENT,1,1,0,41949,7,15
SHYAMMETL,0,0,0,0,,
SHYAMTEL,6,1,5,3484,"45, 31, 12, 9, 6, 6","35, 24, 9, 6, 5, 14"
SIEMENS,3,1,2,15314,"709, 596, 1100","504, 433, 2272"
SIGACHI,0,0,0,0,,
SIGIND,5,1,4,12905,"104, 325, 120, 129, 47","263, 251, 83, 84, 37"
SIGMA,0,0,0,0,,
SIKKO,2,1,1,27697,"12, 8","9, 17"
SIL,3,0,3,-17928,"30, 17, 15","24, 13, 12"
SILGO,1,0,1,-7543,33,25
SILINV,4,2,2,42780,"39, 198, 156, 141","80, 151, 80, 331"
SILLYMONKS,3,0,3,-17309,"48, 39, 27","37, 30, 21"
SILVERTUC,0,0,0,0,,
SIMBHALS,5,0,5,-38148,"42, 30, 34, 14, 7","32, 24, 27, 10, 4"
SIMPLEXINF,5,2,3,59428,"85, 329, 265, 180, 55","233, 196, 542, 120, 43"
SINTERCOM,2,1,1,23589,"67, 50","36, 105"
SIRCA,1,1,0,45701,102,248
SIS,0,0,0,0,,
SIYSIL,5,2,3,54755,"52, 244, 210, 447, 135","42, 191, 457, 358, 306"
SJS,0,0,0,0,,
SJVN,0,0,0,0,,
SKFINDIA,1,1,0,31648,1264,2680
SKIPPER,1,0,1,-10666,152,97
SKMEGGPROD,2,1,1,43654,"65, 33","49, 89"
SMARTLINK,2,1,1,38717,"48, 91","123, 62"
SMCGLOBAL,0,0,0,0,,
SMLISUZU,4,1,3,15257,"269, 967, 888, 833","614, 769, 682, 572"
SMLT,0,0,0,0,,
SMSLIFE,0,0,0,0,,
SMSPHARMA,2,1,1,21067,"15, 43","31, 27"
SNOWMAN,3,0,3,-19126,"58, 33, 37","45, 26, 28"
SOBHA,6,2,4,32601,"294, 254, 313, 294, 449, 227","224, 191, 240, 625, 297, 461"
SOFTTECH,2,1,1,20992,"55, 41","38, 86"
SOLARA,0,0,0,0,,
SOLARINDS,1,1,0,37866,1088,2487
SOMANYCERA,4,1,3,23011,"595, 215, 118, 630","473, 169, 280, 503"
SOMATEX,3,1,2,68831,"5, 3, 2","4, 2, 8"
SOMICONVEY,0,0,0,0,,
SONACOMS,0,0,0,0,,
SONAMLTD,1,1,0,33693,10,22
SONATSOFTW,3,1,2,7753,"16, 126, 89","12, 62, 179"
SOTL,4,1,3,11406,"128, 102, 225, 198","91, 227, 179, 122"
SOUTHBANK,3,1,2,22092,"17, 16, 8","13, 12, 17"
SOUTHWEST,3,1,2,22248,"25, 17, 41","19, 12, 99"
SPAL,2,1,1,23779,"252, 79","192, 158"
SPANDANA,1,0,1,-10570,623,397
SPARC,4,1,3,4932,"85, 191, 160, 162","170, 148, 126, 96"
SPCENET,3,0,3,-33811,"2, 1, 1","1, 0, 1"
SPECIALITY,3,1,2,25200,"94, 81, 32","72, 60, 75"
SPENCERS,0,0,0,0,,
SPIC,3,0,3,-23013,"28, 25, 21","20, 19, 16"
SPLIL,2,0,2,-13783,"34, 33","24, 26"
SPLPETRO,1,0,1,-8236,93,65
SPMLINFRA,3,1,2,19055,"95, 39, 10","70, 80, 7"
SPYL,5,1,4,1375,"2, 1, 0, 1, 1","2, 2, 0, 0, 1"
SREEL,1,1,0,35269,133,296
SRF,1,1,0,29624,343,687
SRHHYPOLTD,2,0,2,-18685,"22, 150","17, 94"
SRPL,1,1,0,106664,3,12
SSWL,1,1,0,64229,44,136
STAR,3,1,2,23957,"486, 987, 497","1101, 773, 385"
STARCEMENT,0,0,0,0,,
STARHEALTH,0,0,0,0,,
STARPAPER,5,1,4,4422,"26, 14, 8, 167, 113","19, 11, 17, 106, 71"
STARTECK,0,0,0,0,,
STCINDIA,5,2,3,38221,"268, 130, 100, 137, 46","195, 73, 209, 92, 101"
STEELCAS,0,0,0,0,,
STEELCITY,2,1,1,34598,"33, 29","18, 74"
STEELXIND,4,1,3,7290,"3, 2, 3, 17","2, 1, 5, 13"
STEL,4,1,3,11030,"13, 28, 108, 135","10, 59, 86, 103"
STERTOOLS,2,1,1,32795,"20, 176","44, 132"
STLTECH,5,1,4,4945,"59, 33, 157, 96, 224","39, 23, 124, 208, 174"
STOVEKRAFT,0,0,0,0,,
STYLAMIND,0,0,0,0,,
STYRENIX,2,0,2,-16096,"743, 621","495, 492"
SUBEXLTD,4,2,2,54686,"66, 15, 7, 7","45, 10, 16, 17"
SUBROS,3,1,2,16095,"35, 268, 175","27, 190, 361"
SUDARSCHEM,3,2,1,57697,"67, 35, 344","49, 71, 746"
SUMICHEM,0,0,0,0,,
SUMIT,1,1,0,76285,10,33
SUMMITSEC,2,1,1,27598,"590, 340","417, 708"
SUNDARAM,6,1,5,12823,"4, 3, 3, 3, 2, 1","2, 2, 2, 2, 1, 4"
SUNDARMFIN,2,2,0,74003,"216, 1124","458, 2647"
SUNDARMHLD,2,1,1,27422,"66, 43","37, 103"
SUNDRMBRAK,3,2,1,60416,"149, 296, 219","306, 226, 463"
SUNDRMFAST,4,1,3,8095,"60, 48, 474, 374","48, 34, 292, 800"
SUNFLAG,4,1,3,7357,"27, 20, 70, 31","22, 40, 48, 24"
SUNPHARMA,4,0,4,-29194,"873, 679, 553, 479","630, 502, 430, 373"
SUNTECK,2,1,1,25982,"171, 119","133, 244"
SUNTV,2,0,2,-14343,"402, 381","321, 282"
SUPERHOUSE,1,0,1,-6937,212,161
SUPERSPIN,0,0,0,0,,
SUPRAJIT,3,2,1,78994,"20, 245, 144","51, 190, 338"
SUPREMEENG,3,0,3,-30254,"3, 2, 2","1, 2, 2"
SUPREMEIND,1,0,1,-7750,1175,868
SUPREMEINF,8,1,7,-41806,"235, 291, 138, 103, 35, 20, 15, 10","171, 192, 69, 71, 24, 8, 10, 25"
SUPRIYA,1,0,1,-5925,377,300
SURANASOL,3,1,2,17030,"10, 9, 8","8, 6, 17"
SURANAT&P,1,0,1,-7020,5,3
SURYALAXMI,2,0,2,-12733,"57, 116","45, 92"
SURYAROSNI,4,2,2,44058,"28, 126, 90, 59","58, 94, 31, 131"
SURYODAY,1,0,1,-7989,136,98
SUTLEJTEX,0,0,0,0,,
SUULD,1,1,0,40021,10,22
SUVEN,2,1,1,44044,"1, 8","1, 22"
SUVENPHAR,0,0,0,0,,
SUVIDHAA,0,0,0,0,,
SUZLON,4,1,3,20259,"26, 9, 13, 5","16, 20, 10, 4"
SVLL,0,0,0,0,,
SVPGLOB,0,0,0,0,,
SWANENERGY,2,2,0,88770,"67, 117","148, 322"
SWARAJENG,2,1,1,28712,"433, 1236","945, 905"
SWELECTES,7,2,5,46450,"186, 163, 96, 316, 233, 143, 112","147, 128, 228, 248, 181, 110, 232"
SWSOLAR,0,0,0,0,,
SYMPHONY,1,0,1,-9549,1167,779
SYNGENE,0,0,0,0,,
TAINWALCHM,2,2,0,85589,"15, 48","41, 108"
TAJGVK,1,1,0,36238,66,140
TAKE,3,1,2,19022,"26, 149, 53","57, 95, 41"
TALBROAUTO,2,1,1,28692,"22, 26","57, 14"
TANLA,2,1,1,59782,"8, 4","6, 11"
TARAPUR,2,0,2,-14569,"6, 4","5, 4"
TARC,0,0,0,0,,
TARMAT,3,2,1,56782,"8, 38, 25","16, 27, 53"
TARSONS,0,0,0,0,,
TASTYBITE,0,0,0,0,,
TATACHEM,2,1,1,26655,"118, 308","245, 245"
TATACOMM,5,1,4,6093,"168, 117, 266, 426, 334","131, 244, 205, 335, 267"
TATACONSUM,2,1,1,28242,"147, 129","104, 287"
TATAELXSI,3,2,1,57321,"703, 963, 677","1428, 637, 1534"
TATAINVEST,2,1,1,25164,"851, 771","663, 1602"
TATAMOTORS,5,2,3,60528,"196, 385, 387, 181, 98","394, 300, 282, 136, 263"
TATAMTRDVR,4,2,2,67993,"107, 260, 82, 40","226, 207, 56, 104"
TATAPOWER,2,1,1,25073,"69, 45","47, 95"
TATASTEEL,6,2,4,34125,"51, 34, 23, 52, 43, 33","40, 24, 48, 34, 27, 72"
TATVA,0,0,0,0,,
TBZ,6,1,5,-2689,"163, 140, 72, 62, 42, 29","131, 104, 51, 45, 32, 63"
TCI,1,1,0,33532,140,296
TCIEXP,0,0,0,0,,
TCLCONS,4,2,2,83592,"46, 15, 2, 2","34, 32, 1, 6"
TCNSBRANDS,0,0,0,0,,
TCPLPACK,0,0,0,0,,
TCS,1,1,0,29521,558,1121
TDPOWERSYS,2,1,1,34924,"48, 24","36, 55"
TEAMLEASE,3,1,2,15746,"3025, 1680, 3500","2322, 3404, 2494"
TECHIN,5,2,3,47513,"8, 4, 6, 5, 3","6, 8, 4, 4, 6"
TECHM,2,1,1,26992,"485, 428","382, 877"
TECHNOE,2,1,1,49304,"45, 264","130, 203"
TEGA,0,0,0,0,,
TEJASNET,2,1,1,17451,"99, 48","46, 103"
TEMBO,2,1,1,36865,"70, 155","153, 110"
TERASOFT,1,0,1,-12180,63,37
TEXINFRA,3,1,2,15114,"26, 66, 45","52, 50, 31"
TEXMOPIPES,7,2,5,34161,"70, 42, 22, 5, 24, 16, 15","46, 33, 9, 13, 19, 8, 31"
TEXRAIL,6,0,6,-42897,"64, 64, 53, 117, 95, 69","50, 50, 37, 90, 76, 54"
TFCILTD,5,1,4,-2481,"29, 24, 58, 134, 39","23, 19, 39, 60, 86"
TFL,3,1,2,21040,"9, 7, 5","5, 5, 13"
TGBHOTELS,5,1,4,-11515,"75, 62, 82, 16, 4","41, 48, 61, 12, 7"
THANGAMAYL,2,2,0,72016,"98, 130","203, 300"
THEINVEST,1,0,1,-10263,165,122
THEJO,1,1,0,56240,162,444
THEMISMED,4,2,2,66537,"9, 7, 5, 25","6, 6, 12, 58"
THERMAX,4,2,2,61587,"647, 480, 904, 755","489, 1073, 711, 1754"
THOMASCOOK,2,1,1,17838,"20, 58","43, 24"
THOMASCOTT,6,1,5,-14373,"12, 6, 9, 10, 9, 6","8, 5, 18, 8, 6, 4"
THYROCARE,1,0,1,-6345,669,527
TI,1,0,1,-9009,51,36
TIDEWATER,2,1,1,33936,"970, 815","641, 1906"
TIIL,6,3,3,66072,"61, 33, 212, 369, 339, 248","38, 71, 442, 291, 182, 521"
TIINDIA,1,1,0,42568,444,1080
TIJARIA,3,1,2,17888,"4, 6, 6","3, 13, 5"
TIL,6,1,5,-5963,"289, 523, 281, 259, 202, 138","226, 298, 618, 180, 161, 102"
TIMESGTY,5,2,3,39142,"73, 21, 38, 33, 24","54, 51, 28, 14, 51"
TIMETECHNO,3,1,2,14581,"51, 103, 37","35, 79, 75"
TIMKEN,2,2,0,65904,"160, 514","324, 1110"
TIPSINDLTD,2,0,2,-15554,"5, 6","4, 4"
TIRUMALCHM,4,1,3,-2424,"11, 88, 70, 49","7, 63, 35, 99"
TIRUPATIFL,1,0,1,-7158,4,3
TITAGARH,6,1,5,-22969,"73, 23, 102, 81, 70, 51","39, 50, 71, 64, 35, 25"
TITAN,2,2,0,73075,"350, 927","819, 1922"
TNPETRO,1,0,1,-5839,43,34
TNPL,4,2,2,45894,"93, 299, 191, 117","200, 220, 89, 257"
TNTELE,6,1,5,34846,"4, 3, 2, 1, 1, 11","3, 2, 2, 1, 5, 8"
TOKYOPLAST,1,1,0,49893,11,28
TORNTPHARM,1,1,0,30456,659,1332
TORNTPOWER,4,2,2,52452,"251, 176, 84, 155","200, 138, 172, 310"
TOTAL,1,0,1,-10717,33,19
TOUCHWOOD,3,2,1,59867,"22, 17, 49","15, 36, 114"
TPHQ,9,2,7,22319,"1, 1, 0, 1, 0, 0, 0, 0, 0","1, 1, 0, 0, 0, 1, 0, 0, 0"
TPLPLASTEH,3,0,3,-36222,"57, 33, 13","38, 21, 6"
TREEHOUSE,3,0,3,-29098,"36, 16, 6","18, 12, 4"
TREJHARA,1,1,0,31997,9,18
TRENT,2,2,0,71460,"95, 615","218, 1276"
TRF,8,1,7,-26408,"590, 324, 264, 180, 321, 227, 120, 75","394, 241, 211, 138, 227, 139, 84, 157"
TRIDENT,2,1,1,25741,"6, 7","4, 14"
TRIGYN,3,3,0,137745,"9, 38, 34","23, 96, 89"
TRIL,5,0,5,-47231,"25, 17, 11, 27, 13","15, 12, 8, 20, 9"
TRITURBINE,1,0,1,-14130,110,58
TRIVENI,2,1,1,30244,"20, 54","15, 122"
TTKHLTCARE,3,1,2,13257,"356, 1041, 519","722, 780, 318"
TTKPRESTIG,2,2,0,61376,"272, 541","545, 1094"
TTL,0,0,0,0,,
TTML,3,0,3,-20428,"16, 12, 7","12, 9, 6"
TV18BRDCST,3,0,3,-29571,"39, 36, 24","23, 28, 16"
TVSELECT,2,2,0,63978,"17, 101","35, 217"
TVSHLTD,0,0,0,0,,
TVSMOTOR,4,2,2,46153,"60, 38, 422, 336","47, 76, 298, 686"
TVSSRICHAK,2,1,1,30059,"3321, 1407","2414, 3219"
TVTODAY,2,2,0,62818,"63, 218","128, 451"
TVVISION,1,1,0,35356,1,3
UBL,1,1,0,29837,827,1659
UCOBANK,6,0,6,-45794,"70, 73, 51, 39, 21, 18","52, 53, 37, 31, 17, 12"
UFLEX,3,0,3,-31913,"202, 301, 211","141, 194, 138"
UFO,2,0,2,-11793,"511, 390","403, 312"
UGARSUGAR,3,0,3,-20769,"13, 10, 33","10, 8, 25"
UGROCAP,0,0,0,0,,
UJJIVANSFB,2,0,2,-17345,"30, 22","20, 17"
ULTRACEMCO,4,3,1,86328,"902, 1839, 4194, 3905","1968, 3718, 3245, 7832"
UMAEXPORTS,0,0,0,0,,
UMANGDAIRY,0,0,0,0,,
UMESLTD,5,0,5,-44093,"5, 3, 2, 2, 7","4, 2, 1, 1, 4"
UNICHEMLAB,0,0,0,0,,
UNIDT,0,0,0,0,,
UNIENTER,3,2,1,52540,"36, 72, 51","74, 39, 112"
UNIINFO,2,1,1,32691,"30, 16","22, 38"
UNIONBANK,7,1,6,11347,"208, 137, 176, 90, 63, 32, 28","133, 107, 136, 66, 50, 24, 82"
UNITECH,7,1,6,1392,"30, 26, 14, 22, 8, 1, 2","23, 18, 34, 16, 6, 1, 1"
UNITEDPOLY,4,2,2,103746,"9, 6, 3, 11","5, 4, 5, 46"
UNITEDTEA,0,0,0,0,,
UNIVAFOODS,6,2,4,80862,"8, 5, 4, 4, 3, 1","5, 4, 9, 3, 2, 5"
UNIVASTU,1,0,1,-6115,46,36
UNIVCABLES,2,2,0,62718,"26, 118","55, 242"
UNIVPHOTO,0,0,0,0,,
UNOMINDA,1,0,1,-9943,9,6
UPL,2,0,2,-16582,"100, 477","78, 326"
URAVI,1,1,0,32501,52,112
URJA,2,1,1,51586,"1, 4","3, 3"
USHAMART,4,2,2,59800,"31, 16, 12, 20","25, 10, 24, 48"
UTIAMC,1,0,1,-6030,995,792
UTTAMSUGAR,3,2,1,97726,"12, 87, 77","26, 52, 276"
V2RETAIL,2,0,2,-19402,"288, 159","172, 121"
VADILALIND,1,1,0,31783,532,1091
VAIBHAVGBL,5,2,3,50961,"7, 165, 97, 61, 468","16, 120, 77, 131, 336"
VAISHALI,2,1,1,27604,"25, 70","51, 48"
VAKRANGEE,2,0,2,-18567,"31, 33","19, 26"
VALIANTORG,1,0,1,-10459,1547,1008
VARDHACRLC,1,1,0,34968,8,18
VARDMNPOLY,4,2,2,57742,"7, 4, 1, 0","5, 8, 1, 1"
VARROC,1,1,0,33694,182,386
VASCONEQ,3,1,2,18006,"41, 32, 10","30, 23, 20"
VASWANI,5,2,3,38466,"6, 4, 4, 12, 6","4, 3, 8, 9, 14"
VBL,0,0,0,0,,
VCL,0,0,0,0,,
VEDL,7,2,5,41151,"314, 218, 164, 90, 184, 154, 92","234, 171, 128, 203, 139, 114, 207"
VENKEYS,4,1,3,12744,"342, 223, 2771, 1599","249, 469, 2185, 1226"
VENUSPIPES,0,0,0,0,,
VENUSREM,1,0,1,-6707,164,129
VERANDA,0,0,0,0,,
VERTOZ,1,0,1,-7007,99,77
VESUVIUS,0,0,0,0,,
VETO,3,1,2,43816,"75, 46, 112","51, 141, 87"
VGUARD,2,1,1,32800,"33, 211","80, 155"
VHL,2,2,0,64838,"546, 1040","1115, 2270"
VIDHIING,0,0,0,0,,
VIJAYA,0,0,0,0,,
VIJIFIN,2,1,1,19939,"6, 4","12, 3"
VIKASECO,4,2,2,57735,"1, 7, 7, 2","3, 4, 4, 6"
VIKASLIFE,3,2,1,58147,"2, 7, 3","4, 5, 6"
VIMTALABS,5,3,2,100688,"20, 75, 117, 110, 85","58, 151, 93, 60, 174"
VINATIORGA,2,2,0,70230,"38, 234","80, 519"
VINDHYATEL,5,3,2,98224,"142, 694, 1214, 1042, 740","343, 1401, 924, 776, 1718"
VINEETLAB,0,0,0,0,,
VINNY,2,1,1,37287,"2, 2","1, 4"
VINYLINDIA,2,1,1,26410,"58, 80","126, 63"
VIPCLOTHNG,3,1,2,27031,"15, 13, 46","12, 31, 30"
VIPIND,4,2,2,42588,"92, 98, 464, 258","67, 198, 240, 543"
VIPULLTD,7,2,5,52230,"13, 6, 52, 37, 24, 15, 24","9, 14, 38, 28, 18, 36, 17"
VISAKAIND,6,2,4,33364,"16, 82, 53, 47, 125, 122","36, 53, 27, 102, 95, 88"
VISESHINFO,3,2,1,20000,"0, 0, 0","0, 0, 0"
VISHNU,1,0,1,-5739,58,46
VISHWARAJ,0,0,0,0,,
VIVIDHA,7,1,6,-26256,"5, 52, 2, 1, 0, 1, 1","11, 25, 1, 1, 0, 0, 1"
VLSFINANCE,7,2,5,43624,"13, 42, 38, 80, 59, 56, 46","10, 30, 78, 60, 46, 32, 127"
VMART,4,2,2,53768,"176, 540, 2103, 1991","369, 1137, 1653, 1421"
VOLTAMP,3,2,1,63327,"395, 1120, 1092","926, 880, 2278"
VOLTAS,3,1,2,21303,"96, 283, 568","75, 223, 1218"
VRLLOG,3,1,2,19437,"361, 287, 165","288, 154, 382"
VSSL,4,2,2,71840,"6, 6, 66, 31","4, 14, 49, 78"
VSTIND,1,1,0,36504,1628,3567
VSTTILLERS,2,1,1,18762,"1168, 1326","668, 2693"
VTL,2,2,0,77059,"41, 169","95, 382"
WABAG,5,1,4,-9559,"182, 698, 575, 298, 215","391, 449, 446, 197, 82"
WALCHANNAG,2,0,2,-15601,"72, 184","54, 133"
WANBURY,6,2,4,40618,"33, 40, 52, 44, 22, 21","24, 92, 39, 32, 14, 47"
WEALTH,2,1,1,30524,"85, 87","61, 200"
WEBELSOLAR,3,2,1,162754,"26, 6, 22","19, 33, 46"
WEIZMANIND,3,2,1,64301,"6, 46, 24","13, 34, 53"
WEL,2,1,1,33012,"49, 30","32, 69"
WELCORP,6,2,4,12469,"248, 191, 116, 87, 136, 80","170, 148, 58, 176, 62, 165"
WELENT,6,1,5,-18077,"37, 24, 15, 13, 32, 106","29, 12, 9, 11, 64, 84"
WELINV,3,2,1,62821,"44, 17, 167","33, 37, 354"
WELSPUNLIV,6,2,4,36220,"6, 4, 70, 75, 53, 31","4, 9, 54, 59, 41, 67"
WENDT,2,1,1,21441,"1866, 2481","3755, 1782"
WESTLIFE,0,0,0,0,,
WEWIN,4,1,3,7555,"29, 20, 18, 18","20, 16, 13, 36"
WHEELS,1,0,1,-7720,921,674
WHIRLPOOL,1,0,1,-8742,266,186
WILLAMAGOR,3,1,2,8380,"35, 77, 24","70, 53, 15"
WINDLAS,0,0,0,0,,
WINDMACHIN,4,1,3,1899,"28, 68, 23, 13","19, 20, 16, 31"
WINSOME,3,1,2,34013,"26, 2, 1","20, 2, 2"
WIPL,2,0,2,-16470,"62, 60","44, 43"
WIPRO,3,2,1,59756,"137, 213, 592","277, 493, 416"
WOCKPHARMA,6,1,5,-7009,"483, 422, 930, 693, 612, 326","364, 931, 646, 554, 456, 159"
WONDERLA,3,1,2,38921,"373, 276, 132","287, 221, 361"
WORTH,2,1,1,36371,"84, 48","67, 109"
WSI,1,1,0,45000,1,2
WSTCSTPAPR,4,2,2,43159,"86, 48, 229, 189","52, 96, 131, 423"
XCHANGING,5,1,4,4098,"37, 21, 38, 46, 77","30, 17, 76, 32, 59"
XELPMOC,0,0,0,0,,
XPROINDIA,1,1,0,42186,17,39
YAARI,4,0,4,-40213,"229, 97, 91, 45","141, 47, 70, 30"
YESBANK,4,1,3,435,"83, 354, 194, 15","172, 184, 148, 11"
YUKEN,0,0,0,0,,
ZEEL,4,1,3,907,"124, 368, 293, 184","266, 266, 124, 139"
ZEELEARN,1,1,0,35805,21,46
ZEEMEDIA,3,1,2,25294,"11, 18, 5","9, 14, 12"
ZENITHEXPO,3,1,2,78389,"51, 39, 48","38, 154, 38"
ZENITHSTL,1,0,1,-10568,4,3
ZENSARTECH,2,2,0,79961,"28, 124","65, 295"
ZENTEC,2,1,1,16962,"64, 91","23, 205"
ZFCVINDIA,2,1,1,26742,"1039, 6286","2206, 4881"
ZODIAC,2,1,1,20815,"12, 9","9, 19"
ZODIACLOTH,3,1,2,15997,"197, 130, 107","407, 102, 83"
ZOMATO,0,0,0,0,,
ZOTA,0,0,0,0,,
ZUARI,3,2,1,62929,"94, 109, 84","200, 80, 193"
ZUARIIND,1,0,1,-6394,686,548
ZYDUSLIFE,3,1,2,16418,"157, 412, 347","320, 319, 248"
ZYDUSWELL,0,0,0,0,,
